pmid	fuente	tf	blanco	signo_correcto	evaluable	redaccion	mencion_tf	mencion_blanco	oracion
40794867	fulltext	MexL	mexJK		false	contraria_aparente	MexL	MexJK	Recent reports have suggested that MexL, a homolog of NalD in P. aeruginosa, inhibits the expression of the MexJK-OprM efflux pump and its own gene, and binds to the promoter regions of phz1, phz2, and phzM to activate phenazine synthesis [17, 57].
40011517	fulltext	MexL	mexJK	represses	true	directa	MexL	mexJK	The expression of mexJK was repressed by a transcriptional regulator MexL, which was encoded by mexL located upstream of mexJK operon in the opposite direction29.
40011517	fulltext	MexL	mexJK	represses	true	directa	MexL	mexJK	In this work, we show that MexL, the repressor of mexJK, directly activates the phenazine biosynthesis in P. aeruginosa, and PYO can autoregulate its own production by affecting the activity of MexL.
40011517	fulltext	MexL	mexJK	represses	true	directa	MEXL	MexJK	## RESULTS ### THE MULTIDRUG EFFLUX PUMP REPRESSOR MEXL DIRECTLY ACTIVATES THE BIOSYNTHESIS OF PHENAZINES In an investigation on whether the MexJK-OprM efflux pump is involved in phenazines secretion, we constructed two in-frame deletion mutants in P. aeruginosa PAO1 strain, ΔmexJK and ΔmexL.
40011517	fulltext	MexL	mexJK	represses	true	directa	MexL	mexJK	In agreement with the previous publication depicting MexL as a transcriptional repressor27, the transcription of mexJK in the ΔmexL background was higher than that of PAO1 (Figure S1a and S1b), while deletion of mexJK or mexL did not affect bacterial growth or biofilm formation (Figure S1c and S1d).
40011517	fulltext	MexL	mexJK	represses	true	directa	MEXL	mexJ	### IDENTIFICATION OF THE CONSERVED MEXL-BINDING DNA MOTIF REVEALS THE MECHANISM FOR HOW MEXL FUNCTIONS AS A REPRESSOR AND AN ACTIVATOR To determine the MexL-binding motif in the promoters of mexJ, phz1, phzM, and phz2, a series of truncations was designed on the corresponding promoter region and their MexL-binding capabilities were tested by EMSA.
40011517	fulltext	MexL	mexJK	represses	true	directa	MexL	mexJ	Interestingly, the consensus MexL-binding motif is located on the TATA box in the promoter of mexJ (Fig. 2c), in which MexL functions as a repressor.
40011517	fulltext	MexL	mexJK	represses	true	directa	MexL	MexJK	MexL represses the MexJK-OprM efflux pump and its own expression and binds to the promoter regions of phz1, phz2 and phzM to activate phenazine synthesis.
40011517	fulltext	MexL	mexJK	represses	true	directa	MexL	MexJK	Low level PYO allows MexL to activate phenazine synthesis and meanwhile to repress the expression of MexJK.
40011517	fulltext	MexL	mexJK	represses	true	directa	MexL	MexJK	We have shown that MexL, the transcriptional repressor of the multidrug efflux pump MexJK, can directly bind the promoter of several phenazine biosynthesis genes to activate the PYO production.
40011517	fulltext	MexL	mexJK		false	otra	mexL	mexJK	b PYO production of the PAO1, ΔmexJK, ΔmexL and Δphz were determined after growth in LB medium for 16 h. (n = 3 independent experiments).
40011517	fulltext	MexL	mexJK		false	otra	mexL	mexJ	The promoter regions of mexL and mexJ were used as the positive control, and the promoter region of 30S ribosomal S12 protein encoding gene rpsL was the negative control.
40011517	fulltext	MexL	mexJK		false	otra	mexL	mexJK	Unexpectedly, phenazines production of ΔmexL and ΔmexJK had remarkable differences.
40011517	fulltext	MexL	mexJK		false	otra	mexL	mexJ	In this assay, the promoters of mexL and mexJ were used as positive controls, and the promoter of rpsL (encoding 30S ribosomal protein) was served as a negative control.
40011517	fulltext	MexL	mexJK		false	otra	MexL	mexJ	As shown in Fig. 2a, the shortest MexL-binding regions were nailed within 122 bp upstream of the ATG start codon of mexJ (-122 bp), from -250 bp to -135 bp in the phz1 promoter, -256 bp to -203 bp in the phzM promoter, and in a 104 bp region from -296 bp to -193 bp in the phz2 promoter respectively (Fig. 2a).
40011517	fulltext	MexL	mexJK		false	otra	MexL	mexJ	The dissociation constants (KD) of MexL with the promoters of phz1, phzM, and phz2 was proximately 1.5-fold higher than that for mexJ (KD is 26 μM), suggesting a stronger binding affinity of MexL to the promoter of mexJ, which was consistent with the EMSA results (Fig. 2d).
40011517	fulltext	MexL	mexJK		false	otra	MexL	mexJ	These results further confirmed that the effect of MexL on the transcription of phz1 and phzM required in the presence of both MexL and its corresponding binding sites.Fig. 2Identification of the conserved MexL-binding motif within promoters.a Determination of binding ability of MexL with truncated mexJ, phz1, phz2 and phzM promoter region by EMSA, respectively.
40011517	fulltext	MexL	mexJK		false	otra	MexL	mexJ	c Sequence of the mexJ, phz1, phz2 and phzM promoter regions carrying potential MexL binding site.
40011517	fulltext	MexL	mexJK		false	otra	MexL	mexJ	d Electrophoretic mobility shift assay (EMSA) detection of binding of MexL and MexL(A47D) to the mexJ, phz1, phz2 and phzM promoter, respectively.
40011517	fulltext	MexL	mexJK		false	otra	MexL	mexJ	Previous data have shown that the A47D mutation prevents the binding of MexL from the mexJ promoter29.
40011517	fulltext	MexL	mexJK		false	otra	MexL	mexJ	In fact, it was proven that the A47D mutation in MexL did result in loss of its binding ability to the promoter regions of mexJ, phz1, phz2, and phzM in vitro (Fig. 3d).
40011517	fulltext	MexL	mexJK		false	otra	MexL	mexJ	PYO dissociated MexL from the promoter of phz1, phz2, phzM or mexJ in a dose dependent manner (Fig. 4c).
40011517	fulltext	MexL	mexJK		false	otra	MexL	mexJ	d Microscale thermophoresis (MST) analysis the binding affinities of MexL to mexJ, phz1, phz2 and phzM promoter in the presence or absence of 1 mM PYO, respectively.
40011517	fulltext	MexL	mexJK		false	otra	MexL	MexJK	These results also indicate that PYO serves as a terminal signal to regulate its own synthesis through a negative feedback loop (Fig. 5).Fig. 5The mechanism of interplay between the MexJK-OprM efflux pump and the phenazine synthesis.A schematic diagram to show a MexL-mediated cross regulation between the MexJK-OprM efflux pump and the phenazine synthesis.
40011517	fulltext	MexL	mexJK		false	otra	MexL	MexJK	When PYO reach a higher level (> 50 μM), it interferes the DNA-binding activity of MexL, thus reduces phenazine synthesis and meanwhile allow the expression of MexJK.
40011517	fulltext	MexL	mexJK		false	otra	MexL	mexJ	BS: the binding site of MexL on the mexJ, phz1, phz2 and phzM promoter, which contains consensus motif (5’-TGTAATTT-3’) or the complementary sequence (5’-AAATTACA-3’).
40011517	fulltext	MexL	mexJK		false	otra	MexL	MexJK	We then searched for other possible ligands of MexL by selecting compounds with a chemical structure similar to PYO, and that can be extruded out by the MexJK efflux pump.
40011517	fulltext	MexL	mexJK		false	otra	mexL	mexJK	### ANTIBIOTIC SUSCEPTIBILITY ANALYSIS The determination of minimum inhibitory concentrations (MIC) for triclosan (TCS) and tetracycline (TET) against PAO1, ΔmexL and ΔmexJK were performed as previously described with minor modifications43.
40011517	fulltext	MexL	mexJK		false	otra	mexL	mexJ	Promoter of mexJ and mexL was used as the positive control, and 30S ribosomal protein gene rpsL promoter was used as the negative control.
40011517	fulltext	MexL	mexJK		false	otra	MexL	mexJ	Identification of the conserved MexL-binding motif within promoters.a Determination of binding ability of MexL with truncated mexJ, phz1, phz2 and phzM promoter region by EMSA, respectively.
40011517	fulltext	MexL	mexJK		false	otra	MexL	MexJK	The mechanism of interplay between the MexJK-OprM efflux pump and the phenazine synthesis.A schematic diagram to show a MexL-mediated cross regulation between the MexJK-OprM efflux pump and the phenazine synthesis.
30289929	fulltext	MexR	mexAB-oprM		false	contraria_aparente	mexR	mexAB-oprM	To assess this, the impact of a mexR or nalD deletion on AG induction of mexAB-oprM expression was assessed.
30289929	fulltext	MexR	mexAB-oprM		false	contraria_aparente	MexR	mexAB-oprM	The observed AG induction of the PA3720-armR operon that encodes the MexR antirepressor is also interesting, given that it does not provide for AG induction of mexAB-oprM expression and, so, suggests that this locus may also influence expression of additional loci.
30289929	fulltext	MexR	mexAB-oprM		false	contraria_aparente	MexR	mexAB-oprM	MexR- and NalD-independent AG induction of mexAB-oprM expression.mexA expression was assessed in P. aeruginosa strains K1491 (ΔmexR), K3793 (ΔnalD) and K3794 (ΔmexR ΔnalD) following a 30-minute exposure to the MIC of neomycin (NEO; 64 μg/ml for all strains) using qRT-PCR.
39656006	fulltext	MexR	mexAB-oprM		false	contraria_aparente	mexR	mexAB-oprM	Reminiscent of the observations made on this other electrophilic stressor, deletion of the amgRS genes reduced by two- to four-fold but did not totally suppress the CNA-associated induction of mexAB-oprM and mexR at t30 min (Fig. 4A and B; Fig. S1A).
39656006	fulltext	MexR	mexAB-oprM		false	contraria_aparente	mexR	mexAB-oprM	Previous results demonstrated that all the genes belonging to the NalC regulatory pathway known to control mexAB-oprM transcription (nalC, armR, mexR) are transiently activated in cells treated with the phytoaldehyde (5).
21205015	fulltext	MexR	mexAB-oprM	represses	true	directa	MexR	mexA	MexR is the repressor that directly binds the mexA promoter region and prevents transcription of the mexAB-oprM operon (Evans et al., 2001).
21205015	fulltext	MexR	mexAB-oprM	represses	true	directa	MexR	mexAB-oprM	The reason why we observed an upregulation of the gene encoding the MexR repressor, and yet observed an upregulation of the mexAB-oprM operon is unclear.
22479525	fulltext	MexR	mexAB-oprM	represses	true	directa	MexR	MexAB-OprM	We show that in addition to positively regulating the ampC and potentially the MexAB-OprM efflux pump by modulating expression of the MexR repressor, AmpR also mediates non-β-lactam resistance by negatively regulating the MexEF-OprN efflux pump.
28584154	fulltext	MexR	mexAB-oprM	represses	true	directa	MexR	mexAB-oprM	The transcription of the mexAB-oprM operon is directly repressed by MexR, and the mexR gene is divergently transcribed from the mexAB-oprM operon (20, 30–32).
28584154	fulltext	MexR	mexAB-oprM	represses	true	directa	mexR	mexAB-oprM	While we showed that the binding of PA3225 to the region upstream of mexAB-oprM and of mexR leads to the downregulation of mexAB-oprM expression, it is important to realize that we did not determine whether PA3225 represses mexAB-oprM directly or if PA3225 represses mexAB-oprM by upregulating mexR expression.
30289929	fulltext	MexR	mexAB-oprM	represses	true	directa	MexR	mexAB-oprM	Expression of mexAB-oprM is controlled by several regulators including two repressors, MexR [20] and NalD [21], that each act at one of two promoters occurring distal (PI, MexR) [22] and proximal (PII, NalD) [21] to the efflux locus.
30289929	fulltext	MexR	mexAB-oprM	represses	true	directa	MexR	mexAB-oprM	Still, some PCP induction of mexAB-oprM is seen in mutants lacking the ArmR anti-repressor but dependent on MexR, an indication that this agent operates though multiple channels in driving expression of this efflux operon.
30289929	fulltext	MexR	mexAB-oprM	represses	true	directa	MEXR	MEXAB-OPRM	### AG INDUCTION OF THE MEXAB-OPRM OPERON IS INDEPENDENT OF THE MEXR AND NALD REPRESSORS The mexAB-oprM operon is regulated by 2 direct repressors, MexR [22] and NalD [21], one or both of which might mediate the observed AG inducibility of this efflux operon.
30297364	abstract	MexR	mexAB-oprM	represses	true	directa	MexR	mexAB-oprM	These regulators directly repress the mexAB-oprM operon, independent of its well-established MexR regulator.
39656006	abstract	MexR	mexAB-oprM	represses	true	directa	MexR	MexAB-OprM	AmgRS activates MexAB-OprM production, independent of repressors MexR and NalD.
39656006	fulltext	MexR	mexAB-oprM	represses	true	directa	MexR	mexAB-oprM	This induction is concomitant with the activation of the NalC pathway in which a small protein, called ArmR, binds and sequesters MexR, the local repressor of mexAB-oprM (6), which eventually leads to the operon overexpression (Fig. 1).
39656006	fulltext	MexR	mexAB-oprM	represses	true	directa	MexR	mexAB-oprM	(A) In the absence of inducer (e.g., CNA), repressor NalC prevents the production of the MexR antirepressor ArmR, thus allowing MexR to negatively control mexAB-oprM expression.
21205015	fulltext	MexR	mexAB-oprM	represses	true	fenotipo_mutante	mexR	mexAB-oprM	However, it should be noted that most nalB and nalD multidrug resistant mutants display an increased expression of both mexR and mexAB-oprM (Poole et al., 1996; Llanes et al., 2004).
30289929	fulltext	MexR	mexAB-oprM	represses	true	fenotipo_mutante	MexR	mexAB-oprM	armR occurs as part of the PA3720-armR operon that is regulated by the product of the divergently-transcribed nalC repressor gene [32], with nalC mutants showing elevated PA3720-armR expression and, so, elevated mexAB-oprM expression and multidrug resistance [32] as a result of ArmR modulation of MexR's repressor activity [31].
30289929	fulltext	MexR	mexAB-oprM	represses	true	fenotipo_mutante	MexR	mexAB-oprM	ArmR is an anti-repressor for the mexAB-oprM repressor [31], MexR, and its expression in so-called nalC mutants is responsible for the elevated mexAB-oprM expression and multidrug resistance of these mutants [32].
30289929	fulltext	MexR	mexAB-oprM	represses	true	fenotipo_mutante	MexR	mexAB-oprM	If AGs somehow obviate MexR or NalD repressor activity in promoting increased mexAB-oprM expression, AG induction of mexAB-oprM expression should be lost in either a mexR or nalD knockout strain.
30289929	fulltext	MexR	mexAB-oprM	represses	true	fenotipo_mutante	mexR	mexAB-oprM	Similar results were obtained with a mutant lacking both repressor genes, where loss of both mexR and nalD provided for an increase in mexAB-oprM expression that was, nonetheless, elevated further upon exposure to NEO (Fig 3).
21205015	fulltext	MexR	mexAB-oprM		false	otra	mexR	mexA	The mexA, mexB and oprM genes (around eightfold up in PAKΔrocA2) encode components of an efflux pump whereas mexR encodes a regulator of mexAB-oprM gene expression (23-fold up in PAKΔrocA2).
21205015	fulltext	MexR	mexAB-oprM		false	otra	mexR	mexA	In order to validate the microarray data, we performed quantitative RT-PCR (see Experimental procedures) on the mexA and mexR genes.
21205015	fulltext	MexR	mexAB-oprM		false	otra	mexR	mexA	Upon overexpression of rocS2 we observed a threefold increase in mexA expression, and an almost 12-fold increase for mexR in PAKΔrocA2 as compared with PAK (Fig. 3A).
21205015	fulltext	MexR	mexAB-oprM		false	otra	mexR	mexAB-oprM	These results confirmed that the mexAB-oprM and mexR genes are part of the RocA2 regulon, and that their expression is negatively controlled by RocA2.
21205015	fulltext	MexR	mexAB-oprM		false	otra	mexR	mexA	There is a sixfold and 17-fold upregulation in the PAKΔrocA2 strain for mexA and mexR respectively (Fig. 3B).
21205015	fulltext	MexR	mexAB-oprM		false	otra	mexR	mexAB-oprM	These genes, mexAB-oprM and mexR are involved in the regulation and assembly of an efflux pump that contributes to antibiotic resistance in P. aeruginosa.
21205015	fulltext	MexR	mexAB-oprM		false	otra	MexR	mexA	Interestingly, the armR gene (PA3719), encodes a 53 amino acids-long polypeptide that prevents proper binding of MexR within the mexA promoter region (Wilke et al., 2008).
21205015	fulltext	MexR	mexAB-oprM		false	otra	MexR	mexA	MexR has also been reported to be sensitive to oxidative stress and oxidized MexR dissociates from the mexA promoter (Chen et al., 2008).
21205015	fulltext	MexR	mexAB-oprM		false	otra	mexR	mexA	The expression levels of the mexA and mexR genes were assessed using SYBR Green PCR Master Mix and the 7300 Real Time PCR System apparatus (Applied Biosystems).
21205015	fulltext	MexR	mexAB-oprM		false	otra	mexR	mexA	The primers used for the amplification of mexA are mexAup and mexAdown; those for mexR are mexRup and mexRdown (Table S2).
21205015	fulltext	MexR	mexAB-oprM		false	otra	mexR	mexA	Quantitative RT-PCR analysis of mexA and mexR gene expression.
21205015	fulltext	MexR	mexAB-oprM		false	otra	mexR	mexA	In (A) and (B) the relative expression of mexA is indicated on the left and mexR on the right, as indicated below the figure.
30289929	fulltext	MexR	mexAB-oprM		false	otra	MexR	mexAB-oprM	Interestingly, mexAB-oprM expression and the multidrug resistance of MexR- nalB mutants were shown to be partially dependent on CpxR [35].
30289929	fulltext	MexR	mexAB-oprM		false	otra	mexR	mexAB-oprM	Individual deletions of the mexR and nalD genes in the WT K767 strain led to the expected increase in mexAB-oprM expression (Fig 3).
39656006	fulltext	MexR	mexAB-oprM		false	otra	mexR	mexB	The resultant double mutant PA14∆amgRS∆armR (PA14∆∆) exhibited gene expression kinetics like those of PA14∆armR regarding mexB, oprM, mexR, nalC, and nalD, thereby demonstrating that AmrR is the primary regulator of mexAB-oprM activity in CNA-exposed P. aeruginosa through its binding with MexR (Fig. 4A and B; Fig. S1A through C).
39656006	fulltext	MexR	mexAB-oprM		false	otra	MexR	mexAB-oprM	Alignment of the AmgR DNA motif with the region upstream of mexAB-oprM identified a sequence (indicated in yellow), overlapping the distal promoter of the operon and the DNA site recognized by MexR (The MEME Suite, meme-suite.org).
39656006	fulltext	MexR	mexAB-oprM		false	otra	mexR	mexB	Relative expression levels of genes mexB (A) and mexR (B).
19589837	abstract	MexZ	mexXY		false	contraria_aparente	MexZ	MexX	Culture of P. aeruginosa in the presence of tetracycline induced higher levels of MexX and MexZ, as measured by immunoblotting and EMSA, than in the absence of antibiotics.
19589837	abstract	MexZ	mexXY		false	contraria_aparente	MexZ	MexX	Similarly to that report, we observed that plasmid-borne PA5471 induced both MexX and MexZ production in PAO1 cells.
19589837	abstract	MexZ	mexXY		false	contraria_aparente	mexZ	mexXY	These findings contribute to the understanding of the molecular mechanisms underlying the transcriptional regulation of mexZ and mexXY by drug-induced PA5471 expression.
25450797	fulltext	MexZ	mexXY		false	contraria_aparente	MexZ	mexXY	Still, drug-inducible mexXY expression independent of MexZ (Hay et al. 2013) and ArmZ (Muller et al. 2010) has been reported, an indication that additional regulator(s) influence mexXY expression.
25450797	fulltext	MexZ	mexXY		false	contraria_aparente	MexZ	mexXY	Thus, AG-inducible mexXY expression is not a simple matter of ArmZ-mediated MexZ derepression but also requires activation or operation of the AmgRS TCS.
25450797	fulltext	MexZ	mexXY		false	contraria_aparente	MexZ	mexXY	Thus, the simplest explanation for drug-inducible mexXY expression is that some shared feature or downstream effect of ribosome perturbation by AGs and non-AGs promotes MexZ derepression via ArmZ while unique downstream effects of AG versus non-AG perturbation of the ribosome signals though AmgRS (AGs) and other regulators (non-AG ribosome perturbing agents) (Fig.6).
38139182	fulltext	MexZ	mexXY		false	contraria_aparente	MexZ	MexXY	When armZ is induced, ArmZ sequesters MexZ and the expression of MexXY is triggered, hence giving rise to aminoglycoside resistance.
39592545	fulltext	MexZ	mexXY		false	contraria_aparente	MexZ	MexXY	Specific environmental signals cause MexZ conformational changes (as shown in Fig. 2b), activating MexXY expression.
39592545	fulltext	MexZ	mexXY		false	contraria_aparente	MexZ	MexXY	PA5471, a newly discovered regulator, forms a heterodimer with MexZ, positively inducing MexXY expression [103, 115, 116].
19589837	abstract	MexZ	mexXY	represses	true	directa	MexZ	MexX	When MexZ was expressed by a mexZ expression plasmid, the plasmid-borne MexZ repressed drug-induced MexX production, further confirming that MexZ acts as a repressor of the mexXY operon.
24145539	abstract	MexZ	mexXY	represses	true	directa	mexZ	mexXY	Forty-four (77.2%) of the strains, classified as agrZ mutants were found to harbor mutations inactivating the local repressor gene (mexZ) of the mexXY operon (n = 33; 57.9%) or introducing amino acid substitutions in its product, MexZ (n = 11; 19.3%).
24260387	fulltext	MexZ	mexXY	represses	true	directa	mexZ	mexXY	The mexZ gene encoding the TetR-like repressor of the mexXY operon was 5-fold up-regulated, indicating that the mexXY dysregulation was independent of MexZ.
25450797	fulltext	MexZ	mexXY	represses	true	directa	mexZ	MexX	The MexX and MexY components are encoded by a single operon under the control of an adjacent repressor gene, mexZ (Aires et al. 1999; Matsuo et al. 2004), while OprM, which functions as the outer membrane component of several multidrug efflux systems in P. aeruginosa (Poole 2005b), is encoded by the 3rd gene of another multidrug efflux operon, mexAB-oprM (Aires et al. 1999; Mine et al. 1999).
25450797	fulltext	MexZ	mexXY	represses	true	directa	MexZ	mexXY	Interestingly, such induction was not compromised by loss of amgR or amgS (Fig.3C), an indication that the AmgRS involvement in AG-inducible mexXY expression is independent of MexZ (i.e., does not promote mexXY expression by influencing ArmZ-modulation of MexZ repressor activity).
25450797	fulltext	MexZ	mexXY	represses	true	directa	MexZ	mexXY	In common with non-AG inducers of mexXY, AG induction of mexXY is, however, also dependent on the ArmZ anti-repressor of MexZ, an indication that AmgR activation of this efflux operon still requires loss of MexZ repression of mexXY.
25450797	fulltext	MexZ	mexXY	represses	true	directa	MexZ	mexXY	Still, SPC induction of mexXY expression also requires loss of MexZ repression, just as AmgRS-dependent AG induction of mexXY does, an indication that the downstream-of-ribosome-perturbation signals must similarly be acting through both ArmZ/MexZ as well as the putative additional factor(s)/regulator(s).
25450797	fulltext	MexZ	mexXY	represses	true	directa	MexZ	mexXY	ArmZ, an anti-repressor, modulates the activity of the mexXY repressor, MexZ, leading to expression of mexXY and, ultimately, production and assembly of the MexXY-OprM multidrug efflux system.
25450797	fulltext	MexZ	mexXY	represses	true	directa	MexZ	mexXY	The activities of the htpX and PA5528 gene products in some, as yet unknown way promote expression of the mexXY operon, dependent on ArmZ-mediated loss of MexZ repression of mexXY.
25450797	fulltext	MexZ	mexXY	represses	true	directa	MexZ	mexXY	Nonaminoglycoside ribosome inhibitors may also promote mexXY expression via additional, as yet unknown regulatory pathway(s), also dependent on ArmZ-mediated loss of MexZ repression.
28732084	fulltext	MexZ	mexXY	represses	true	directa	MexZ	mexXY	Among these loci are PA5471 gene encoding ArmZ, an inhibitor of MexZ which negatively regulates the mexXY operon encoding the multidrug efflux pump MexXY [58,59] and pyeR (PA4354) encoding a transcriptional regulator of biofilm formation [60].
31389522	fulltext	MexZ	mexXY	represses	true	directa	mexZ	mexX	The mexZ product represses the transcription of mexX and mexY genes.
36498910	fulltext	MexZ	mexXY	represses	true	directa	MexZ	mexXY	The best known is MexZ (PA2020), which represses the mexXY operon encoding the multidrug transporter, which confers resistance to various antimicrobials, including aminoglycosides [24].
36498910	fulltext	MexZ	mexXY	represses	true	directa	MexZ	mexXY	The MexZ dimer binds to a 20-bp palindromic sequence in the intergenic region between mexXY and mexZ genes repressing their transcription [25,26].
38139182	fulltext	MexZ	mexXY	represses	true	directa	MexZ	meXY	This gene encodes an anti-repressor that binds and sequesters MexZ—the main transcriptional repressor of meXY—hence allowing the induction of mexXY expression [13].
38139182	fulltext	MexZ	mexXY	represses	true	directa	MexZ	mexXY	Under these conditions, while MexZ—the repressor of the expression of mexXY—is sequestered by ArmZ in the wild-type PA14 strain [38], thus allowing the induction of mexXY expression in the presence of tobramycin, and the lack of armZ induction in the ΔPA14_27940 mutant keeps the level of MexZ, and as a consequence, the induction of the expression of mexXY is hampered.
38478426	fulltext	MexZ	mexXY	represses	true	directa	mexZ	MexXY	Three isolates from the first passage in the T group presented deletion mutations in mexZ which is a transcriptional repressor of the MexXY efflux pump.
39592545	fulltext	MexZ	mexXY	represses	true	directa	MexZ	MexXY	EPS: Extracellular Polysaccharides The MexXY system, another efflux pathway, is regulated by MexZ, the primary negative regulator.
25450797	fulltext	MexZ	mexXY	represses	true	fenotipo_mutante	MexZ	mexXY	Upregulation of mexXY by antimicrobials (Morita et al. 2006) or mutations (fmt/folD [Caughlan et al. 2009], rplY [El'Garch et al. 2007] and rplU-rpmA [Lau et al. 2012]) is dependent upon a gene, armZ (formerly known as PA5471), encoding a MexZ-targeting anti-repressor (Yamamoto et al. 2009; Hay et al. 2013).
25450797	fulltext	MexZ	mexXY	represses	true	fenotipo_mutante	MexZ	mexXY	Since drug-inducible mexXY expression is invariably dependent on the MexZ anti-repressor, ArmZ (Morita et al. 2006; Hay et al. 2013), the dependence of amgSV121G mutational upregulation of mexXY on ArmZ was also assessed.
25450797	fulltext	MexZ	mexXY	represses	true	fenotipo_mutante	mexZ	mexXY	The observation, for example, that SPC induction of mexXY greatly exceeds that seen in a mexZ knockout strain and is retained in a MexZ− P. aeruginosa strain (Hay et al. 2013) indicates that MexZ derepression alone does not explain SPC-inducible mexXY expression, and suggests that other factor(s)/regulator(s) (but not AmgRS) mediate this.
34826267	fulltext	MexZ	mexXY	represses	true	fenotipo_mutante	mexZ	mexXY	The mexXY genes had increased expression, consistent with the presence of a mutation in the regulator gene mexZ, but this did not reach statistical significance (Table S7).
34826267	fulltext	MexZ	mexXY	represses	true	fenotipo_mutante	mexZ	mexXY	One exception was expression of the mexXY efflux-encoding operon that had increased expression, albeit not significant, in the later isolate consistent with the presence of a frameshift mutation in the mexZ repressor-encoding gene.
19589837	abstract	MexZ	mexXY		false	otra	MexZ	mexXY	We recently reported that MexZ binds to the promoter region of the mexXY operon.
19589837	abstract	MexZ	mexXY		false	otra	MexZ	mexX	Electrophoretic mobility shift assay (EMSA) using recombinant MexZ and oligonucleotide probes prepared from the intergenic region between mexZ and mexX revealed that MexZ binds to a 20 bp palindromic sequence.
19589837	abstract	MexZ	mexXY		false	otra	MexZ	mexXY	Furthermore, EMSA and in vitro transcription assays revealed that interaction between PA5471 and MexZ reduced MexZ DNA-binding ability, leading to mexXY transcription.
24145539	abstract	MexZ	mexXY		false	otra	mexZ	MexXY	The 13 remaining MexXY-OprM strains (22.8%) contained intact mexZ genes encoding wild-type MexZ proteins.
25450797	fulltext	MexZ	mexXY		false	otra	MexZ	mexXY	Consistent with MexZ and AmgRS regulating mexXY expression independently and AmgRS being required only for AG-promoted mexXY expression, the elevated, drug-independent expression of mexXY seen in the ΔmexZ strain K2415 was not lost in the absence of amgR (Fig.3D; see strain K3615).
25450797	fulltext	MexZ	mexXY		false	otra	mexZ	mexXY	Consistent with these regulators operating independently of one another, armZ expression was not regulated by AmgRS (this study) (loss of armZ also had no impact on the expression of the AmgRS-regulated htpX and PA5528 genes [data not shown]), and the drug-independent expression of mexXY seen in a mexZ mutant was not compromised by the absence of amgR.
34826267	fulltext	MexZ	mexXY		false	otra	mexZ	mexXY	Expression of mexXY genes is highly varied in P. aeruginosa isolated from patients with CF due in part to mutations in mexZ, which are associated with aminoglycoside resistance [102–104].
39592545	fulltext	MexZ	mexXY		false	otra	MexZ	MexXY	MexZ binds to the MexXY operon's promoter region under normal conditions, suppressing its expression [109].
29033910	fulltext	NalC	armR		false	contraria_aparente	NalC	armR	Recently, it was reported that a response regulator, named CpxR, is also able to activate mexAB-oprM via its interaction with the distal promoter mentioned above, in mexR knock-out mutants (Tian et al., 2016) Finally, another regulator, NalC, indirectly influences mexAB-oprM transcription by modulating the expression of a two-gene operon in which armR encodes an anti-MexR protein (Cao et al., 2004; Daigle et al., 2007).
39656006	fulltext	NalC	armR		false	contraria_aparente	NalC	armR	Previous results demonstrated that all the genes belonging to the NalC regulatory pathway known to control mexAB-oprM transcription (nalC, armR, mexR) are transiently activated in cells treated with the phytoaldehyde (5).
30289929	fulltext	NalC	armR	represses	true	directa	NalC	PA3720-armR	Chlorinated phenols, including the pesticide pentachlorophenol (PCP) that is an uncoupler of oxidative phosphorylation [38], have been shown to induce expression of the PA3720-armR and mexAB-oprM operons, in part owing to their ability to bind and, so, modulate the repressor activity of NalC [39, 40].
39656006	fulltext	NalC	armR	represses	true	directa	NalC	ArmR	This induction is concomitant with the activation of the NalC pathway in which a small protein, called ArmR, binds and sequesters MexR, the local repressor of mexAB-oprM (6), which eventually leads to the operon overexpression (Fig. 1).
39656006	fulltext	NalC	armR	represses	true	directa	nalC	armR	Here, we found that the loss of armR, but especially amgRS, had a negative impact on repressor gene nalC expression at t30 min post-exposure (Fig. S1B).
39656006	fulltext	NalC	armR	represses	true	directa	NalC	ArmR	(A) In the absence of inducer (e.g., CNA), repressor NalC prevents the production of the MexR antirepressor ArmR, thus allowing MexR to negatively control mexAB-oprM expression.
40287835	fulltext	NalC	armR	represses	true	directa	nalC	armR	Additional efflux related genes such as mexC, armR, and nalC were also downregulated.
30289929	fulltext	NalC	armR	represses	true	fenotipo_mutante	nalC	armR	armR occurs as part of the PA3720-armR operon that is regulated by the product of the divergently-transcribed nalC repressor gene [32], with nalC mutants showing elevated PA3720-armR expression and, so, elevated mexAB-oprM expression and multidrug resistance [32] as a result of ArmR modulation of MexR's repressor activity [31].
30289929	fulltext	NalC	armR	represses	true	fenotipo_mutante	nalC	ArmR	ArmR is an anti-repressor for the mexAB-oprM repressor [31], MexR, and its expression in so-called nalC mutants is responsible for the elevated mexAB-oprM expression and multidrug resistance of these mutants [32].
37666047	abstract	NalC	armR		false	otra	NalC	PA3720-armR	The N-terminal domain of NalC contains a DNA-binding helix-turn-helix motif, which interacts with specific DNA sequences in the PA3720-armR operon region.
39656006	fulltext	NalC	armR		false	otra	nalC	armR	The resultant double mutant PA14∆amgRS∆armR (PA14∆∆) exhibited gene expression kinetics like those of PA14∆armR regarding mexB, oprM, mexR, nalC, and nalD, thereby demonstrating that AmrR is the primary regulator of mexAB-oprM activity in CNA-exposed P. aeruginosa through its binding with MexR (Fig. 4A and B; Fig. S1A through C).
39656006	fulltext	NalC	armR		false	otra	NalC	ArmR	In the presence of sub-Minimal Inhibitory Concentration (MIC) CNA, mexAB-oprM is upregulated by both AmgR and ArmR/NalC (black arrow).
40287835	fulltext	NalC	armR		false	otra	nalC	armR	Lastly, pyochelin related genes (pchABC, pchEFG, fptAB), MexAB-OprM related genes (armR, nalC, mexAB), and pel polysaccharide genes (pelAB, pelDE, and pelG) were upregulated by R-6 (Fig S5).
30289929	fulltext	NalD	mexAB-oprM		false	contraria_aparente	nalD	mexAB-oprM	To assess this, the impact of a mexR or nalD deletion on AG induction of mexAB-oprM expression was assessed.
30289929	fulltext	NalD	mexAB-oprM		false	contraria_aparente	NalD	mexAB-oprM	MexR- and NalD-independent AG induction of mexAB-oprM expression.mexA expression was assessed in P. aeruginosa strains K1491 (ΔmexR), K3793 (ΔnalD) and K3794 (ΔmexR ΔnalD) following a 30-minute exposure to the MIC of neomycin (NEO; 64 μg/ml for all strains) using qRT-PCR.
40794867	abstract	NalD	mexAB-oprM		false	contraria_aparente	NalD	mexA	Electrophoretic mobility shift assays show that PYO binding to MexR and NalD induces their dissociation from the mexA promoter, leading to the derepression of mexAB-oprM expression.
21205015	fulltext	NalD	mexAB-oprM	represses	true	directa	NalD	mexA	Another repressor, NalD, was also described, which acts by binding within another region of the mexA promoter (Morita et al., 2006).
28584154	fulltext	NalD	mexAB-oprM	represses	true	directa	NalD	mexAB-oprM	Interestingly, the mexAB-oprM operon is also directly repressed by NalD, which belongs to the TetR family of transcriptional regulators (33, 34).
30289929	fulltext	NalD	mexAB-oprM	represses	true	directa	NalD	mexAB-oprM	Expression of mexAB-oprM is controlled by several regulators including two repressors, MexR [20] and NalD [21], that each act at one of two promoters occurring distal (PI, MexR) [22] and proximal (PII, NalD) [21] to the efflux locus.
30289929	fulltext	NalD	mexAB-oprM	represses	true	directa	NALD	MEXAB-OPRM	### AG INDUCTION OF THE MEXAB-OPRM OPERON IS INDEPENDENT OF THE MEXR AND NALD REPRESSORS The mexAB-oprM operon is regulated by 2 direct repressors, MexR [22] and NalD [21], one or both of which might mediate the observed AG inducibility of this efflux operon.
39656006	abstract	NalD	mexAB-oprM	represses	true	directa	NalD	MexAB-OprM	AmgRS activates MexAB-OprM production, independent of repressors MexR and NalD.
40794867	abstract	NalD	mexAB-oprM	represses	true	directa	NalD	MexAB-OprM	Here, we demonstrate that MexR and NalD, the transcriptional repressors of MexAB-OprM, function as PYO receptors, with dissociation constants of 5.17 and 7.03 μM, respectively.
40794867	fulltext	NalD	mexAB-oprM	represses	true	directa	NalD	MexAB-OprM	# MexR and NalD are pyocyanin-responsive transcriptional repressors of the efflux pump MexAB-OprM in Pseudomonas aeruginosa ## ABSTRACT The secondary metabolite pyocyanin (PYO) significantly enhances the antibiotic resistance of Pseudomonas aeruginosa by inducing expression of the resistance-nodulation-cell division efflux systems.
40794867	fulltext	NalD	mexAB-oprM	represses	true	directa	NalD	MexAB-OprM	MexR and NalD, the primary repressors, form a dimer and bind to the distal and proximal promoters of the MexAB-OprM operon, respectively.
40794867	fulltext	NalD	mexAB-oprM	represses	true	directa	NalD	MexAB-OprM	MexR and NalD are the two most important repressors of MexAB-OprM, and mutations in mexR and nalD frequently occur in clinically isolated strains of P. aeruginosa [36, 37].
40794867	fulltext	NalD	mexAB-oprM	represses	true	directa	NalD	MexAB-OprM	In this study, we demonstrate that PYO positively regulates the MexAB-OprM efflux pump by directly binding to and inhibiting its transcriptional repressors, MexR and NalD.
40794867	fulltext	NalD	mexAB-oprM	represses	true	directa	NALD	MexAB-OprM	### NALD AND MEXR ARE PYO-RESPONSIVE TRANSCRIPTIONAL REGULATORS NOV has been identified as a ligand that binds to NalD and MexR, both of which are transcriptional repressors of the MexAB-OprM efflux pump [30].
40794867	fulltext	NalD	mexAB-oprM	represses	true	directa	NalD	MexAB-OprM	In summary, although NalD is a repressor of the MexAB-OprM efflux pump, it can act as a transcriptional activator to increase the expression of phenazine biosynthesis genes, thereby increasing phenazine production.
40794867	fulltext	NalD	mexAB-oprM	represses	true	directa	NalD	MexAB-OprM	NalD represses the MexAB-OprM efflux pump expression and binds to the promoter regions of phzA2 and phzM to activate phenazine synthesis.
21205015	fulltext	NalD	mexAB-oprM	represses	true	fenotipo_mutante	nalD	mexAB-oprM	However, it should be noted that most nalB and nalD multidrug resistant mutants display an increased expression of both mexR and mexAB-oprM (Poole et al., 1996; Llanes et al., 2004).
27412168	abstract	NalD	mexAB-oprM	represses	true	fenotipo_mutante	NalD	MexAB-OprM	The multidrug resistance pump MexAB-OprM promotes the efflux of various antibiotics, mostly when mutations accumulate in the transcriptional regulators MexR, NalC and NalD, thereby causing MexAB-OprM overexpression.
30289929	fulltext	NalD	mexAB-oprM	represses	true	fenotipo_mutante	NalD	mexAB-oprM	If AGs somehow obviate MexR or NalD repressor activity in promoting increased mexAB-oprM expression, AG induction of mexAB-oprM expression should be lost in either a mexR or nalD knockout strain.
30289929	fulltext	NalD	mexAB-oprM	represses	true	fenotipo_mutante	nalD	mexAB-oprM	Similar results were obtained with a mutant lacking both repressor genes, where loss of both mexR and nalD provided for an increase in mexAB-oprM expression that was, nonetheless, elevated further upon exposure to NEO (Fig 3).
40794867	fulltext	NalD	mexAB-oprM	represses	true	fenotipo_mutante	NalD	MexAB-OprM	Taken together, these results indicate that the binding of PYO to MexR and NalD disrupts their interaction with the promoter DNA, leading to the upregulation of the MexAB-OprM multidrug efflux pump.
40794867	fulltext	NalD	mexAB-oprM	represses	true	fenotipo_mutante	nalD	mexA	The results showed that in the presence of PYO, the mRNA level of mexA increased ∼2-fold, a change that was more pronounced in the wild-type and nalD knockout strains (Fig. 3G).
40794867	fulltext	NalD	mexAB-oprM	represses	true	fenotipo_mutante	nalD	mexAB-oprM	We found that knockout of mexR and nalD led to a reduction in PYO production, indicating that overexpression of mexAB-oprM reduces PYO levels.
30289929	fulltext	NalD	mexAB-oprM		false	otra	NalD	MexAB-OprM	NalD has been shown to bind novobiocin, a known MexAB-OprM substrate, with novobiocin binding abrogating NalD interaction with its DNA target, thereby enhancing PII promoter activity [41].
30289929	fulltext	NalD	mexAB-oprM		false	otra	nalD	mexAB-oprM	Individual deletions of the mexR and nalD genes in the WT K767 strain led to the expected increase in mexAB-oprM expression (Fig 3).
39656006	fulltext	NalD	mexAB-oprM		false	otra	nalD	mexAB-oprM	The effects of AmgRS on nalD levels, another regulatory gene of mexAB-oprM, were non-significant (Fig. S1C).
39656006	fulltext	NalD	mexAB-oprM		false	otra	nalD	mexB	The resultant double mutant PA14∆amgRS∆armR (PA14∆∆) exhibited gene expression kinetics like those of PA14∆armR regarding mexB, oprM, mexR, nalC, and nalD, thereby demonstrating that AmrR is the primary regulator of mexAB-oprM activity in CNA-exposed P. aeruginosa through its binding with MexR (Fig. 4A and B; Fig. S1A through C).
40794867	abstract	NalD	mexAB-oprM		false	otra	NalD	MexAB-OprM	Additionally, PYO and the MexAB-OprM substrate novobiocin competitively bind to MexR and NalD, suggesting that PYO can attenuate the effectiveness of clinical antibiotics by triggering mexAB-oprM expression.
40794867	fulltext	NalD	mexAB-oprM		false	otra	NalD	mexA	To test this, EMSA was performed to investigate the interactions of PYO using MexR and NalD, with a mexA promoter fragment as the probe [30].
40794867	fulltext	NalD	mexAB-oprM		false	otra	nalD	MexAB-OprM	This suggests that PYO promotes the expression of MexAB-OprM through mexR and nalD in vivo, thereby enhancing drug resistance.
40794867	fulltext	NalD	mexAB-oprM		false	otra	nalD	mexA	qRT-PCR was then used to test whether PYO affects mexA transcription through mexR/nalD.
40794867	fulltext	NalD	mexAB-oprM		false	otra	NalD	mexA	While the complex regulation of mexA makes it challenging to exclude the involvement of other transcription factors, these results clearly showed that MexR and NalD are regulated by PYO.
40794867	fulltext	NalD	mexAB-oprM		false	otra	NalD	mexAB-oprM	As a result, the precise mechanism by which PYO affects MexR/NalD binding to the mexAB-oprM promoter DNA and regulates its transcription remains unclear.
40794867	fulltext	NalD	mexAB-oprM		false	otra	NalD	MexAB-OprM	These receptors may interact with MexR and NalD, potentially exhibiting synergistic action in regulating the MexAB-OprM system.
40794867	fulltext	NalD	mexAB-oprM		false	otra	nalD	mexA	(G) Expression levels of the mexA in PAO1, ΔmexR, ΔnalD, ΔmexR-pHERD20TmexR, and ΔnalD-pHERD20TnalD strains, quantified by qRT-PCR in both the presence and absence of PYO.
40794867	fulltext	NalD	mexAB-oprM		false	otra	NalD	MexAB-OprM	High levels of PYO bind to MexR and NalD, lifting their inhibition of the MexAB-OprM efflux pump.
23762483	abstract	NfxB	mexCD-oprJ	represses	true	directa	nfxB	mexCD-oprJ	nfxB encodes a negative regulator of the mexCD-oprJ genes for drug efflux in the opportunistic pathogen Pseudomonas aeruginosa.
23762483	fulltext	NfxB	mexCD-oprJ	represses	true	directa	nfxB	mexCD-oprJ	# nfxB as a Novel Target for Analysis of Mutation Spectra in Pseudomonas aeruginosa ## ABSTRACT nfxB encodes a negative regulator of the mexCD-oprJ genes for drug efflux in the opportunistic pathogen Pseudomonas aeruginosa.
23762483	fulltext	NfxB	mexCD-oprJ	represses	true	directa	nfxB	mexCD-oprJ	nfxB, which is located upstream of mexCD-oprJ but divergently transcribed from this operon, encodes a transcriptional repressor that regulates MexCD-OprJ and its own expression by binding to the nfxB-mexC intergenic region [17], [18].
25143244	abstract	NfxB	mexCD-oprJ	represses	true	directa	NfxB	oprJ	A gene encoding a homologue of the NfxB repressor of this operon, PA4596, occurs downstream of oprJ and was proposed as a second repressor of this efflux operon.
29307490	fulltext	NfxB	mexCD-oprJ	represses	true	directa	NfxB	MexCD-OprJ	Only proteins with at least 1.5-fold increase (P-value < 0.05, t test) were reported.(C) MexCD-OprJ efflux is negatively regulated by NfxB repressor binding upstream of mexC gene.(D) Mutation in nfxB lead affects repressor binding leading to expression of MexCD-OprJ efflux system.
29307490	fulltext	NfxB	mexCD-oprJ	represses	true	directa	nfxB	MexCD-OprJ	Importantly, nfxB is the only known regulator of MexCD-OprJ efflux (Poole et al., 1996) and mutations that lead to a truncated, incomplete, and non-functional NfxB protein would affect the repressor binding capacities (Figures S4C and S4D) suggesting that nfxB gene mutations could be a potential sequence-based biomarker indicating collateral sensitivity.
31860667	fulltext	NfxB	mexCD-oprJ	represses	true	directa	NfxB	MexCD-OprJ	In cystic fibrosis patients treated with ciprofloxacin and azithromycin during chronic P. aeruginosa infection, mutations accumulate in transcriptional regulator NfxB, which negatively regulates another efflux pump, MexCD-OprJ [23].
33106346	fulltext	NfxB	mexCD-oprJ	represses	true	directa	NfxB	mexCD-oprJ	NfxB is a negative regulator of the mexCD-oprJ multidrug efflux operon (32), and transposon mutants in these genes were tested; only oprJ had altered susceptibility, displaying HOCl sensitivity (Fig. 2B).
38478426	fulltext	NfxB	mexCD-oprJ	represses	true	directa	nfxB	MexCD-OprJ	This strain serves as a fluorescent transcriptional reporter specifically designed for the detection of nfxB mutants, where nfxB functions as the negative regulator of the MexCD-OprJ efflux pump.
38478426	fulltext	NfxB	mexCD-oprJ	represses	true	directa	nfxB	MexCD-OprJ	In the T group, mutations were found as a frameshift deletion in nfxB, the negative regulator of the MexCD-OprJ efflux pump which was found in 100% of the isolates of Passage 2, 72% of Passage 3, and 62.5% of Passage 4.
40003937	fulltext	NfxB	mexCD-oprJ	represses	true	directa	NFXB	mexCD-oprJ	NFXB DIRECTLY BINDS TO THE HCP1 PROMOTER NfxB is a TetR/AcrR family transcriptional regulator that represses fluoroquinolone antibiotic resistance by directly binding to the promoter region of the mexCD-oprJ operon [12,14].
40003937	fulltext	NfxB	mexCD-oprJ	represses	true	directa	NfxB	MexCD-OprJ	NfxB is a negative regulator of the quinolone efflux system MexCD-OprJ, which responds to and plays an important role in environmental antibiotic resistance [12,13,14].
23762483	fulltext	NfxB	mexCD-oprJ	represses	true	fenotipo_mutante	nfxB	MexCD-OprJ	Previous studies suggested that mutations within nfxB impair or abolish the NfxB repressor activity leading to overexpression of the MexCD-OprJ efflux pump and resistance to fluoroquinolone antibiotics such as ciprofloxacin (Cipr) [17]–[19].
23762483	fulltext	NfxB	mexCD-oprJ	represses	true	fenotipo_mutante	NFXB	mexCD-oprJ	### IDENTIFICATION OF NFXB MUTANTS USING A LUMINESCENCE-BASED REPORTER A luminescent reporter for detection of the transcriptional de-repression of the mexCD-oprJ operon was used to identify nfxB mutant cells [27].
25143244	abstract	NfxB	mexCD-oprJ	represses	true	fenotipo_mutante	nfxB	mexCD-oprJ	Elimination of PA4596 in P. aeruginosa lacking nfxB and hyperexpressing mexCD-oprJ had no additional impact on mexCD-oprJ expression, regardless of the presence of envelope stress, suggesting that PA4596 repressor activity may be dependent on NfxB.
29307490	fulltext	NfxB	mexCD-oprJ	represses	true	fenotipo_mutante	NFXB	MexC	### SELECTION AGAINST NFXB MUTANTS DURING ANTIBIOTIC TREATMENT IN THE CF LUNG Our in vitro work demonstrated that nfxB mutations lead to an overexpression of the MexC transporter (Figure 3C) leading to collateral sensitivity toward aminoglycosides, β-lactams, and colistin (Figure 1A).
40003937	fulltext	NfxB	mexCD-oprJ	represses	true	fenotipo_mutante	nfxB	mexCD-oprJ	Previous studies have shown that mutations in nfxB enhance antimicrobial resistance by overexpressing the multidrug efflux pump by directly derepressing the mexCD-oprJ promoter [14].
23762483	fulltext	NfxB	mexCD-oprJ		false	otra	NfxB	MexCD-OprJ	Amino acid substitutions in NfxB of P. aeruginosa linked to multidrug resistance phenotypes and eventually to overexpression of MexCD-OprJ have been previously reported: R21H [33], [34]; A30T [35]; R42G [36]; R42H [37]; R42C [33]; D56G [33], [34]; L62V [35]; R82L [38]; H87R [39]; Y109H [34]; K132I [33]; K132R [33]; M155R [34] and N183I [33].
29307490	fulltext	NfxB	mexCD-oprJ		false	otra	nfxB	MexCD-OprJ	nfxB is a negative transcriptional regulator of MexCD-OprJ efflux (Poole et al., 1996).
29307490	fulltext	NfxB	mexCD-oprJ		false	otra	nfxB	MexC	As expected, the selective survival the nfxB 119C > T mutant was observed when the strains were exposed to the collateral resistance drug azithromycin (Figure 3B).Figure 3Genetic Basis for Collateral Resistance and Collateral Sensitivity(A) Competition experiment depicting the survival of WT over the resistant strain harboring the nfxB mutation when treated with collateral-sensitive antibiotic.(B) The selective survival of resistant strain and eradication of the WT was observed in competition experiment when treated with collateral-resistant antibiotic(C) MexC abundance in WTE, ciprofloxacin- and azithromycin-resistant strains.
29307490	fulltext	NfxB	mexCD-oprJ		false	otra	nfxB	MexC	Accordingly, we speculate that nfxB gene mutations or MexC protein abundance could be monitored in the clinic and potentially serve as a genomic or proteomic biomarker for collateral sensitivity.
29307490	fulltext	NfxB	mexCD-oprJ		false	otra	nfxB	MexC	Such treatment could be individualized based on specific genomic or proteomic biomarkers such as nfxB or MexC, which we have found to be linked to collateral sensitivity phenotypes.
29307490	fulltext	NfxB	mexCD-oprJ		false	otra	nfxB	mexD	PCR primers (2_mexD_nfxB-_up ACGCTGTTTCACCAGGGTAG and 2_morA_nfxB-lp AGCATCAACAGGACCAGCAA) were designed to amplify full nfxB gene (564 bp) and surrounding region (full length PCR product size = 3021 bp).
29307490	fulltext	NfxB	mexCD-oprJ		false	otra	nfxB	MexC	Genetic Basis for Collateral Resistance and Collateral Sensitivity(A) Competition experiment depicting the survival of WT over the resistant strain harboring the nfxB mutation when treated with collateral-sensitive antibiotic.(B) The selective survival of resistant strain and eradication of the WT was observed in competition experiment when treated with collateral-resistant antibiotic(C) MexC abundance in WTE, ciprofloxacin- and azithromycin-resistant strains.
33106346	fulltext	NfxB	mexCD-oprJ		false	otra	nfxB	mexCD-oprJ	(B) Gene arrangement of nfxB and its adjacent mexCD-oprJ operon.
33106346	fulltext	NfxB	mexCD-oprJ		false	otra	nfxB	mexC	Growth of PA14 WT, nfxB, mexC, mexD, and oprJ strains in the presence of 4.4 mM HOCl.
40003937	fulltext	NfxB	mexCD-oprJ		false	otra	NfxB	mexCD-oprJ	NfxB is a TetR/AcrR family transcriptional regulator for the mexCD-oprJ operon and fluoroquinolone antibiotic resistance [12,13].
40003937	fulltext	NfxB	mexCD-oprJ		false	otra	NfxB	mexCD-oprJ	Based on mass spectrometry, the protein was identified as NfxB (Figure S1), a TetR/AcrR family transcriptional regulator for the mexCD-oprJ operon and fluoroquinolone antibiotic resistance [12,13].
40003937	fulltext	NfxB	mexCD-oprJ		false	otra	NfxB	mexC	Similarly to the known positive control mexC promoter, protein-DNA complexes were formed in NfxB and hcp1 promoter DNA (Figure 1D).
40003937	fulltext	NfxB	mexCD-oprJ		false	otra	NfxB	mexC	The hcp1 promoter truncated the potential binding motif sequence (GGCTGTTGATATGTTCATCAAGATCG), which was analogous to the mexC promoter, and it lost the combination capacity for NfxB (Figure 1D).
40003937	fulltext	NfxB	mexCD-oprJ		false	otra	NfxB	MexCD-OprJ	The fluoroquinolone antibiotic resistance mediated by NfxB depends on the MexCD-OprJ efflux pump [15].
40003937	fulltext	NfxB	mexCD-oprJ		false	otra	NfxB	mexC	To further explore the carbenicillin resistance characteristics of NfxB, the double mutant ΔnfxBΔmexC was constructed, and susceptibility to carbenicillin, levofloxacin, or ciprofloxacin antibiotics was detected using a paper disk assay.
40003937	fulltext	NfxB	mexCD-oprJ		false	otra	nfxB	mexC	According to previous studies, the deletion of nfxB results in levofloxacin and ciprofloxacin sensitivity, and the sensitivity was restored to the level of the wild-type PAO1 through the double deletion of the mexC gene, the key component of the multidrug efflux pump MexCD-OprJ, in the ΔnfxB mutant strain (Figure 2C,D).
40003937	fulltext	NfxB	mexCD-oprJ		false	otra	nfxB	MexC	To test whether the superior carbenicillin resistance of ΔnfxB depended on the MexC component of the efflux pump, the inhibition zones for PAO1, ΔnfxB, ΔnfxB::nfxB, and ΔnfxBΔmexC were examined using a paper disk assay.
40003937	fulltext	NfxB	mexCD-oprJ		false	otra	nfxB	mexC	As shown in Figure 2C,D, unlike the nfxB complementation strain ΔnfxB::nfxB, the double-mutant strain ΔnfxBΔmexC still exhibited heightened carbenicillin resistance (Figure 2C,D).
40003937	fulltext	NfxB	mexCD-oprJ		false	otra	nfxB	mexC	More precisely, the double-mutant strain ΔnfxBΔmexC exceeded 5000 µg/mL, similar to the single-mutant ΔnfxB strain.
40003937	fulltext	NfxB	mexCD-oprJ		false	otra	NfxB	MexCD-OprJ	The data show that NfxB regulates fluoroquinolone antibiotic resistance via the multidrug efflux pump MexCD-OprJ, and the deletion of nfxB confers heightened carbenicillin resistance.
40003937	fulltext	NfxB	mexCD-oprJ		false	otra	NFXB	mexCD-oprJ	H1-T6SS IS RESPONSIVE TO FLUOROQUINOLONE ANTIBIOTICS IN AN NFXB-DEPENDENT MANNER NfxB is a TetR/AcrR family transcriptional regulator for the mexCD-oprJ operon, which targets fluoroquinolone antibiotic response and resistance in P. aeruginosa [12].
40003937	fulltext	NfxB	mexCD-oprJ		false	otra	NfxB	MexC	A further study showed that the carbenicillin resistance ability does not depend on MexC, and how NfxB alters carbenicillin resistance and the relationship with MexCD-OprJ needs to be further studied.
