tf	blanco	signo	certeza_dominio	subsistema	alias	atestiguado	n_articulos	pmids	oracion
AlgP	algD	activates	probable	Biopelicula c-di-GMP	AlgP = proteina tipo histona / nucleoide	true	3	34163722,22511872,35862969	AlgP, together with algR and algQ, is a key factor in the transcription of the biosynthesis gene algD.
AlgR	algC	activates	establecida	Biopelicula c-di-GMP	algC = PA5322; sitios ABS1-3	true	10	24999454,26206672,29263410,35073734,37569271	Nevertheless, AlgR still acts as an activator of algC transcription, as the activity of a algC::lacZ transcriptional reporter decreased four-fold in an algR deletion background (Zielinski et al., 1991).
AlgR	algR	activates	probable	Biopelicula c-di-GMP	autorregulacion de AlgR	false	0		
AlgR	mucR	activates	probable	Biopelicula c-di-GMP	mucR = diguanilato ciclasa (DGC)	true	2	33143386,26206672	The transcriptional regulator AlgR is involved in the expression of algD as well as mucR, which encodes for a diguanylate cyclase [89].
AlgR	rhlAB	represses	establecida	Biopelicula c-di-GMP	rhlA, rhlB, rhlABC; ramnolipidos	true	9	24999454,26206672,29263410,29382736,36794960	Both rhlA promoter activity and rhamnolipid production increased in an algR deletion strain indicating that AlgR represses rhlA in biofilms.
AmrZ	adcA	represses	probable	Biopelicula c-di-GMP	adcA = PA4843 = AmrZ dependent cyclase A; diguanilato ciclasa	true	13	24603766,26549743,36374041,38014955,41408422	The present study provides a molecular basis for this finding since we discovered that AmrZ directly represses a predicted diguanylate cyclase-encoding gene (PA4843), which we named adcA (AmrZ dependent cyclase A,).
AmrZ	cdrA	activates	probable	Biopelicula c-di-GMP	cdrA = adhesina de matriz regulada por c-di-GMP	true	10	24603766,33143386,36374041,37492705,38436566	Additionally, AmrZ directly activates the cyclic di-GMP response gene cdrA, which is correlated with polysaccharide overexpression [30].
AmrZ	lecB	activates	probable	Biopelicula c-di-GMP	lecB = lectina LecB / PA-IIL	true	1	26309248	DNA binding assays revealed that AmrZ activates lecB transcription by directly binding to its promoter.
AmrZ	pel	activates	probable	Biopelicula c-di-GMP	operon pel, pelA-G, pelB	true	10	24603766,29497413,33143386,37569271,38436566	Additionally, we demonstrate that AmrZ activates expression of cdrA, encoding a biofilm matrix protein and the pel polysaccharide operon.
AmrZ	pilA	represses	probable	Biopelicula c-di-GMP	pilA = precursor de pili tipo IV	true	2	37569271,33143386	AmrZ also plays a major role in motility, acting as a repressor of the type IV pili precursor pilA and fleQ, a c-di-GMP effector that activates the transcription of flagellum synthesis genes [22].
FleQ	cdrA	activates	establecida	Biopelicula c-di-GMP	tres sitios de union de FleQ verificados en PcdrA; activa con c-di-GMP alto	true	11	27636892,33143386,34669473,36377899,38436566	Previously, FleQ has been shown to act as an activator of the sigmaN-independent promoters for the P. aeruginosa pel and cdrA operons in the presence of high c-di-GMP concentrations [17, 18].
FleQ	fleSR	activates	establecida	Biopelicula c-di-GMP	fleSR = fleS + fleR; activacion dependiente de sigma-54 (RpoN)	true	20	18485075,27636892,34669473,36377899,37492705	FleQ activates expression of the two component regulatory genes fleSR as well as genes that are necessary for the assembly of the flagella export apparatus and initiation of flagella basal body-hook formation in conjunction with the alternative RNA polymerase sigma factor, sigma54 (Jyot et al., 2002).
FleQ	fliC	activates	probable	Biopelicula c-di-GMP	fliC = flagelina; efecto indirecto via FleSR/FliA	true	2	31158231,26915971	The other interesting feature between flagellar expression and mucoidy is that fliC is repressed by the AlgT(U)-dependent regulator AmzR that directly represses the fleQ gene, the product of which is required for fliC transcription [89].
FleQ	pel	represses	establecida	Biopelicula c-di-GMP	operon pel, pelA = PA3064; represor a c-di-GMP bajo, activador a c-di-GMP alto	true	22	18485075,20735777,24603766,27636892,36533916	Our in vivo data indicate that FleQ represses pel transcription and that pel transcription is not repressed when intracellular c-di-GMP levels are high.
FleQ	psl	represses	establecida	Biopelicula c-di-GMP	operon psl, pslA = PA2231	true	16	18485075,24603766,27636892,33779544,37492705	These results are consistent with a model where FleQ acts as a repressor of pel and psl gene transcription and FleN interacts with FleQ to antagonize its repressor activity.
IHF	algD	activates	probable	Biopelicula c-di-GMP	IHF = integration host factor, subunidades IHFalfa e IHFbeta	true	1	22511872	This is consistent with the previous evidence that the AlgB, AlgR, IHF, and CysB regulators are known to bind on the algD promoter and are necessary for activation [44]-[48], suggesting a possible interaction of AmrZ with one of these proteins.
WspR	pel	regulates	probable	Biopelicula c-di-GMP	WspR = diguanilato ciclasa, NO es factor de transcripcion; efecto indirecto via c-di-GMP; se activa al delecionar wspF	true	1	22581773	Similarly, a wspF deletion causes the DGC WspR to be activated, resulting in c-di-GMP accumulation, which induces pel expression (1,27).
AlgU	mexCD-oprJ	activates	probable	Bombas RND	AlgU = AlgT = sigma-22 = RpoE = PA0762; induccion de mexCD-oprJ por estres de envoltura (clorhexidina, polimixina B)	true	3	28153747,33995291,41821518	In addition, AlgU/T impacts antimicrobial resistance by inducing expression of the mexCD-oprJ efflux pump.
AmgR	mexXY	activates	probable	Bombas RND	AmgR = PA5200, regulador de respuesta del sistema AmgRS (AmgS = PA5199)	true	9	25450797,27021319,30289929,30974906,39656006	Nonetheless, a link was established between AmgRS activation and mexXY expression and this was confirmed in studies showing that aminoglycoside-promoted mexXY expression is dependent on AmgRS.
AmpR	ampC	activates	establecida	Bombas RND	AmpR = PA4109, familia LysR; ampC = PA4110 (beta-lactamasa clase C)	true	24	8112596,16120476,20965918,22479525,25182487	We have previously reported that in the non-mucoid strain, AmpR positively regulates ampC expression but negatively controls the expression of poxB (Kong et al., 2005a, b).
AmpR	mexEF-oprN	represses	probable	Bombas RND	la oracion original usa el simbolo beta; se transcribio como 'beta'	true	4	22479525,24157832,24291602,37569271	We show that in addition to positively regulating the ampC and potentially the MexAB-OprM efflux pump by modulating expression of the MexR repressor, AmpR also mediates non-beta-lactam resistance by negatively regulating the MexEF-OprN efflux pump.
AmpR	mexR	activates	probable	Bombas RND	la oracion original escribe PAO(delta)ampR con la letra griega y los valores con error estandar	true	2	22479525,41821518	qPCR analysis of mexR expression revealed downregulation of this gene in PAO-delta-ampR compared to PAO1 (RQ: uninduced 0.46, p-value 0.002; induced 0.4, p-value 0.01).
AmpR	poxB	represses	probable	Bombas RND	poxB = PA5514, oxacilinasa clase D	true	3	20965918,28153747,31492943	Expression of the ampC and poxB genes is tightly controlled by AmpR, a global LysR-like transcriptional regulator (Kong et al., 2005b).
BrlR	mexAB-oprM	activates	establecida	Bombas RND	BrlR = PA4878, regulador tipo MerR, especifico de biopelicula	true	7	23687276,23995639,24612375,30289929,41821518	Quantitative reverse transcriptase PCR (qRT-PCR) analysis further indicated BrlR to be an activator of mexAB-oprM and mexEF-oprN gene expression.
BrlR	mexEF-oprN	activates	establecida	Bombas RND	BrlR = PA4878	true	4	23687276,23995639,24612375,41821518	The mechanism by which BrlR, a MerR-like regulator, confers tolerance relies on BrlR binding promoter regions and activating at least two multidrug efflux pumps encoded by mexAB-oprM and mexEF-oprN (Liao et al., 2013).
CpxR	mexAB-oprM	activates	probable	Bombas RND	CpxR = PA3206, regulador de respuesta del sistema de dos componentes CpxAR/CpxSR; actua sobre el promotor distal PI	true	7	29033910,30289929,35744765,37279282,37800959	Recently, a homologue of the E. coli CpxR envelope stress response regulator has been identified in P. aeruginosa and shown to bind to the PI promoter of mexAB-oprM, where it positively influences efflux gene expression [35].
CzcR	oprD	represses	establecida	Bombas RND	CzcR = PA2523, regulador de respuesta del sistema CzcRS inducido por zinc/cadmio	true	16	17449606,22666466,28732057,29033910,33669570	Importantly, CzcR co-regulates carbapenem antibiotic resistance by repressing the expression of the OprD porin, the route of entry for these antibiotics.
MexL	mexJK	represses	establecida	Bombas RND	MexL = PA3678, familia TetR; mexJK = PA3677-PA3676	true	6	15855505,28678862,31492943,40011517,42017668	The expression of mexJK was repressed by a transcriptional regulator MexL, which was encoded by mexL located upstream of mexJK operon in the opposite direction29.
MexL	mexL	represses	probable	Bombas RND	la oracion dice 'regulating', no resuelve el signo de la autorregulacion	true	1	15855505	MexL protected about 60 nucleotides on each strand, and the protected regions overlapped almost perfectly, a finding consistent with MexL regulating the expression of both mexL and mexJK, which was ascertained by gene fusion analyses.
MexR	mexAB-oprM	represses	establecida	Bombas RND	MexR = NalB = PA0424, familia MarR; mexAB-oprM = PA0425-PA0427	true	24	8878574,11166990,21205015,28584154,32875640	MexR is the repressor that directly binds the mexA promoter region and prevents transcription of the mexAB-oprM operon (Evans et al., 2001).
MexR	mexR	represses	establecida	Bombas RND	autorrepresion; mexR se transcribe divergente de mexAB-oprM	true	4	8878574,11166990,11886752,40794867	Expression of a mexR-lacZ fusion increased threefold in a mexR knockout mutant, indicating that mexR is negatively autoregulated.
MexT	mexEF-oprN	activates	establecida	Bombas RND	MexT = PA2492, regulador tipo LysR; mexEF-oprN = PA2493-PA2495	true	35	19846594,20727012,22417660,29033910,35744765	The expression of mexEF-oprN is activated by a LysR-type transcriptional regulator (LTTR) MexT, which is encoded by a gene located just upstream of mexEF-oprN in the same orientation in P. aeruginosa (6).
MexT	mexS	activates	establecida	Bombas RND	mexS = qrh = PA2491	true	17	19846594,22479525,29033910,33106346,40287835	Besides the mexEF-oprN operon, MexT can activate the expression of mexS, previously referred to as qrh, in P. aeruginosa (6).
MexT	mexT	regulates	probable	Bombas RND	autorregulacion tipica de LysR (LTTR)	false	0		
MexT	oprD	represses	establecida	Bombas RND	oprD = PA0958; fenotipo nfxC	true	5	22479525,29033910,32083512,35744765,39592545	MexT also represses oprD expression, which contains a carbapenem binding pocket (blue arrow).
MexZ	mexXY	represses	establecida	Bombas RND	MexZ = AmrR = PA2020, familia TetR; mexXY = amrAB = PA2019-PA2018	true	20	15336398,19589837,21149619,25450797,36498910	These results explain the mechanism by which MexZ represses transcription of the mexXY operon, but do not explain the substrate-induced hyperproduction of MexXY.
MexZ	mexZ	represses	establecida	Bombas RND	autorrepresion desde el mismo sitio palindromico de 20 pb	true	2	19589837,36498910	The MexZ dimer binds to a 20-bp palindromic sequence in the intergenic region between mexXY and mexZ genes repressing their transcription [25,26].
NalC	armR	represses	establecida	Bombas RND	NalC = PA3721, familia TetR; armR = PA3719; operon PA3720-armR (PA3720-PA3719)	true	5	29033910,30289929,37666047,39656006,40287835	armR occurs as part of the PA3720-armR operon that is regulated by the product of the divergently-transcribed nalC repressor gene [32], with nalC mutants showing elevated PA3720-armR expression and, so, elevated mexAB-oprM expression and multidrug resistance [32] as a result of ArmR modulation of MexR's repressor activity [31].
NalC	mexAB-oprM	represses	establecida	Bombas RND	efecto indirecto: NalC reprime armR y ArmR secuestra a MexR	true	9	27412168,29033910,30289929,37800959,39656006	The expression of the mexAB-oprM operon was modulated directly by two repressors, MexR and NalD, and indirectly by another repressor, NalC.
NalD	mexAB-oprM	represses	establecida	Bombas RND	NalD = PA3574, familia TetR; se une al promotor proximal (PII) de mexAB-oprM	true	13	26844397,27412168,28584154,29033910,40794867	Interestingly, the mexAB-oprM operon is also directly repressed by NalD, which belongs to the TetR family of transcriptional regulators (33, 34).
NalD	nalD	represses	probable	Bombas RND	autorrepresion tipica de TetR; ninguna oracion del corpus la afirma	false	0		
NfxB	mexCD-oprJ	represses	establecida	Bombas RND	NfxB = PA4600; mexCD-oprJ = PA4599-PA4597; mutantes nfxB = fenotipo de resistencia a ciprofloxacino	true	13	21646492,23762483,27993856,29307490,38478426	nfxB encodes a negative regulator of the mexCD-oprJ genes for drug efflux in the opportunistic pathogen Pseudomonas aeruginosa.
NfxB	nfxB	represses	establecida	Bombas RND	autorrepresion sobre la region intergenica nfxB-mexC	true	1	23762483	nfxB, which is located upstream of mexCD-oprJ but divergently transcribed from this operon, encodes a transcriptional repressor that regulates MexCD-OprJ and its own expression by binding to the nfxB-mexC intergenic region [17], [18].
ParR	arnBCADTEF	activates	establecida	Bombas RND	arnBCADTEF = pmrHFIJKLM = operon arnBCADTEF-ugd (PA3552-PA3558)	true	8	24034668,24291602,25505462,29033910,40429820	ParR, a transcriptional regulator of the ParRS TCS, contributes to adaptive resistance to polymyxin B and colistin by activating the arn operon involved in LPS modification [78].
ParR	mexXY	activates	establecida	Bombas RND	ParR = PA1799, regulador de respuesta del sistema ParRS (ParS = PA1798); mutantes agrW2	true	9	21149619,24034668,29033910,38345374,40429820	In the presence of antimicrobial agents such as indolicidin, the ParR protein promotes drug resistance through several known, distinct mechanisms including: activating the mexXY efflux genes, suppressing the expression of oprD porin, and enhancing lipopolysaccharide modification through the arn genes (9).
ParR	oprD	represses	establecida	Bombas RND	ParRS = PA1798-PA1799	true	5	24034668,29033910,38345374,41772443,42610700	Interestingly, data from all three studies indicate that ParS/ParR are responsible for the repression of the oprD gene (basic amino acid and carbapenem permeable porin) (Additional file 4: Table S4, Additional file 6: Figure S3A).
Anr	arcDABC	activates	establecida	Dos componentes T3SS	ANR, anr; homologo de FNR; blanco: operon de la arginina deiminasa	true	5	24587139,41050759,40772714,29263410,24999454	The arcDABC operon is also induced in oxygen limited environment by Anr, a transcriptional activator of protein expression in anaerobiosis [37], and in the presence of arginine through the binding of ArgR (Figure S3) [34], [38].
Anr	ccoN2	activates	establecida	Dos componentes T3SS	ANR, anr; ccoN2 = cco2, oxidasa cbb3-2; tambien escrito ccoP2	true	4	37398129,36036571,29263410,38112469	Examining reporter fluorescence in liquid cultures, we further found that MpaR is required for expression of ccoN4 while its loss has minimal effect on cco1 expression and only a partial effect on the expression of cco2, which is a well established target of Anr (24, 26, 39) (Figures 3A).
Anr	dnr	activates	establecida	Dos componentes T3SS	ANR, anr; Dnr = dissimilative nitrate respiration regulator	true	8	34759894,24587139,22587778,41050759,29218039	the dnr gene is transcriptionally activated by Anr, the dnr mRNA levels were also expected to decrease
Anr	hcnABC	activates	establecida	Dos componentes T3SS	ANR, anr; hcnABC = HCN sintasa, PA2193-PA2195	true	5	31357168,24999454,24587139,31227753,29263410	The hcnABC operon encoding HCN synthase is activated synergistically by LasR, RhlR, and the anaerobic regulator ANR (Pessi and Haas, 2000).
Anr	narK1K2GHJI	activates	establecida	Dos componentes T3SS	ANR, anr; regulacion conjunta con Dnr y NarXL	true	3	41050759,19935885,31227753	The narK1 promoter activity is modulated by both Anr and Dnr, with Anr being indispensable for its baseline activation, while Dnr enhances promoter activity independently of Anr (Schreiber et al., 2007).
ExsA	exoS	activates	establecida	Dos componentes T3SS	exsA; blanco: operon exoS-spcS	true	6	37492705,25034696,35752612,39146292,24058462	The downstream T3SS effectors (such as exoS, exoT and exoY) are also directly regulated by ExsA, PA2572/PA2573, CbrAB and RocS1/A1.
ExsA	exoT	activates	establecida	Dos componentes T3SS	exsA	true	5	37492705,25034696,34064685,35752612,35959145	This suggests the possibility of the head to head or tail to tail, but also head to tail PA3027 self-interaction, similar to the one previously observed, for example, for the AraC regulator ExsA from P. aeruginosa, bound to the promoters of regulated genes (exsC, exsD, exoT, pcrG) [26].
ExsA	exoU	activates	establecida	Dos componentes T3SS	exsA; exoU solo esta presente en cepas tipo PA14 (isla PAPI-2), no en PAO1	true	2	25672496,35752612	The promoter region of exoU has a binding motif (TXAAAAXA) for the transcriptional activator, ExsA [28,29].
ExsA	exoY	activates	establecida	Dos componentes T3SS	exsA	true	3	37492705,25034696,35752612	We next sought to examine the impact of vqsM on expression of ExsA-controlled genes, such as exoS, exoY and exoT (33).
ExsA	exsCEBA	activates	establecida	Dos componentes T3SS	exsA; regulador maestro tipo AraC del T3SS; blanco: operon exsC-exsE-exsB-exsA (autorregulacion)	true	14	38029243,32546612,23279839,25034696,25520826	ExsA also activates its own expression via the P exsC promoter which drives an operon consisting of exsC, exsE, exsB and exsA genes (Williams McMackin et al., 2019a).
ExsA	pcrV	activates	establecida	Dos componentes T3SS	exsA; blanco: operon pcrGVH-popBD	true	2	38660402,25520826	Compared to the PAO1 WT strain, deletion of exsA resulted in undetectable exsA mRNA and a substantial decrease in the mRNA level of pcrV (Figure 1D).
ExsA	pscN-pscU	activates	establecida	Dos componentes T3SS	exsA; blanco: operon del aparato de secrecion pscN-pscU	true	1	25520826	In the exoenzyme S regulon, ExsA regulates the transcription of five operons (exsD-pscL, exsCBA, pscG-popD, popN-pcrR, and pscN-pscU) encoding TTSS and the translocation machinery (Figure 2) [48].
ExsA	spcS	activates	establecida	Dos componentes T3SS	exsA; spcS = chaperona de ExoS, segundo gen del operon exoS-spcS	false	0		
ExsD	exsA	represses	establecida	Dos componentes T3SS	exsD; anti-activador; la inhibicion es proteina-proteina, no union a promotor	true	10	23279839,22587778,25520826,32430407,36533916	Prior to T3SS induction, the anti-activator protein ExsD binds to ExsA and blocks ExsA-dependent transcription by interfering with ExsA dimerization and promoter interactions.
GacA	exoS	represses	establecida	Dos componentes T3SS	gacA; represion indirecta via rsmY/rsmZ y secuestro de RsmA	true	2	20398205,19602144	In the case of the exoS gene (representative for T3SS genes), we observed that expression is quasi null in the retS background, but dramatically relieved when the gacA mutation or the double rsmY/rsmZ mutation was further introduced.
GacA	rsmY	activates	establecida	Dos componentes T3SS	gacA; GacS/GacA TCS; regulador de respuesta del sistema Gac	true	20	19602144,19426209,20398205,18405392,27176226	We also present evidence that GacA regulates rsmY and rsmZ by directly binding to sequences upstream of these genes.
GacA	rsmZ	activates	establecida	Dos componentes T3SS	gacA; GacS/GacA TCS	true	20	18405392,19602144,19426209,20398205,24497189	Confirming earlier results [9], we see that rsmZ expression depends on positive control by GacA, but is independent of RpoS (Figure 2c).
GacS	rsmY	activates	establecida	Dos componentes T3SS	gacS; cinasa sensora hibrida del sistema Gac	true	12	19426209,19602144,20398205,23363478,27176226	Throughout the growth phase, the expression of both rsmY and rsmZ was strongly elevated in the retS mutant, while the two small RNAs were not expressed in strains where either gacA or gacS were mutated.
GacS	rsmZ	activates	establecida	Dos componentes T3SS	gacS	true	13	19602144,19426209,20398205,24497189,23363478	These results demonstrate that in P. aeruginosa, the GacS/GacA system transduces the regulatory signals to downstream genes exclusively by directly controlling the expression of only two genes rsmY and rsmZ.
HptB	rsmY	represses	establecida	Dos componentes T3SS	hptB; proteina de histidin-fosfotransferencia PA3345	true	7	20398205,28119684,27176226,26157434,24852379	The rsmY-lacZ fusion was also upregulated in the hptB mutant (Fig.
LadS	rsmY	activates	establecida	Dos componentes T3SS	ladS; cinasa sensora hibrida huerfana	true	6	27176226,34445336,23363478,24157832,34830033	We demonstrated that the LadS HK not only controls the expression of rsmZ but also the expression of rsmY, and thus modulates the production of Pel EPS, H1-T6SS and T3SS targets.
LadS	rsmZ	activates	establecida	Dos componentes T3SS	ladS	true	9	20398205,27176226,23363478,24497189,34445336	We have previously shown that expression of rsmZ is positively controlled by the LadS pathway and negatively by the RetS pathway (Ventre et al., 2006).
PhoP	arnBCADTEF	activates	establecida	Dos componentes T3SS	phoP; blanco tambien llamado pmrHFIJKLM, operon PA3552-PA3559	true	5	25505462,21858064,22195037,37278652,23705831	Unlike A. baumannii, P. aeruginosa has both the pmrA/pmrB and phoP/phoQ TCSs, each of which can separately regulate the arnBCADTEF operon (McPhee et al., 2003).
PhoP	oprH	activates	establecida	Dos componentes T3SS	phoP; PhoP/PhoQ TCS; oprH cotranscrito en el operon oprH-phoP-phoQ	true	3	21858064,39592545,22195037	The exclusively PhoP-controlled gene oprH was maximally induced at the middle stage of growth, 13.5 h.
PmrA	arnBCADTEF	activates	establecida	Dos componentes T3SS	pmrA; PmrA/PmrB TCS = PA4776-PA4777; blanco = pmrHFIJKLM, PA3552-PA3559	true	6	25505462,21858064,37278652,34531843,23705831	An extensive genetic analysis of pmrA/pmrB of spontaneous colistin-resistant mutants has further identified numerous mutations, including a total of 27 independent missense mutations in the pmrA and pmrB genes that all result in the elevated expression of arnB (pmrH) (Sun et al., 2009).
PmrA	PA4773	activates	establecida	Dos componentes T3SS	pmrA; PA4773-PA4775 = speD2/speE2, sintesis de espermidina; PA4774 aparece mas seguido que PA4773	true	3	23419933,21858064,32015046	While the pmr operon is directly controlled by both PmrA and PhoP (McPhee et al., 2003, 2006), we identified a three-gene cluster upstream of PmrAB with homology to spermidine synthesis genes PA4773 (speD) and PA4774 (speE) that is controlled exclusively by PmrAB (McPhee et al., 2003).
RetS	rsmY	represses	establecida	Dos componentes T3SS	retS; RtsM; cinasa sensora hibrida huerfana	true	11	20398205,19602144,19426209,21858064,35196795	In Pseudomonas aeruginosa, the RetS sensor pathway downregulates expression of two sRNAs, rsmY and rsmZ.
RetS	rsmZ	represses	establecida	Dos componentes T3SS	retS; RtsM	true	12	20089442,20398205,19602144,19426209,19936057	RetS exerts its regulatory effect by suppressing rsmZ transcription thereby favoring the acute infection program [5].
RsmA	exsA	activates	establecida	Dos componentes T3SS	rsmA; homologo de CsrA	true	8	32546612,23363478,29718466,38660402,39146292	Previous studies have shown that the small RNA-binding protein RsmA is required for the synthesis of both Vfr and ExsA (39).
RsmA	pslA	represses	establecida	Dos componentes T3SS	rsmA; homologo de CsrA; blanco: operon pslA-pslN, psl	true	9	20735777,26157434,33281751,25866808,34445336	RsmA overexpression further reduced the activity below the WT level, providing additional evidence that RsmA acts as a repressor of psl.
Vfr	exsA	activates	establecida	Dos componentes T3SS	vfr; virulence factor regulator; homologo de CRP dependiente de cAMP	true	8	32546612,34259549,24279383,36036571,35959145	Vfr is a cAMP-responsive transcription factor that activates exsA transcription.
Vfr	fimU	activates	probable	Dos componentes T3SS	vfr; blanco: operon de pilinas menores fimU-pilVWXY1Y2E	true	2	30042200,25626906	Genes that were dysregulated similarly by at least twofold in both the pilA and pilR mutants are summarized in Table S1 and included several T4P-associated genes such as tsaP (30), and minor pilin genes fimU, pilV, pilW, pilY1, and pilE (31), previously identified as being Vfr dependent (28).
Vfr	fleQ	represses	establecida	Dos componentes T3SS	vfr; fleQ = regulador maestro flagelar	true	4	33281751,38436566,37492705,24279383	Vfr acts as a transcriptional repressor of the fleQ promoter (Dasgupta et al., 2002).
Vfr	pilMNOPQ	activates	probable	Dos componentes T3SS	vfr; operon de biogenesis del pilus tipo IV pilMNOPQ	false	0		
Vfr	rhlR	activates	establecida	Dos componentes T3SS	vfr	true	5	36036571,24279383,25166864,41810971,32265330	Since Vfr was previously shown to directly activate transcription of rhlR (67, 68), one can assume that lower abundance levels of Vfr could also contribute to the decrease of rhlR transcription and of virulence on C. elegans (Fig.
Vfr	toxA	activates	establecida	Dos componentes T3SS	vfr; toxA = exotoxina A; parte del efecto es indirecto via PtxR	true	2	24279383,22844393	Through the examination of the promoter regions of genes regulated by Vfr including lasR, toxA, pvdS, prpL, and algD, Kanack et al. developed a 21-bp Vfr binding consensus sequence that consist of two halves and contain several conserved nucleotides within each half [18].
AlgB	algD	activates	establecida	Factores sigma	AlgB es un regulador de respuesta dependiente de sigma-54 (RR)	true	16	34830033,22511872,26309248,32203410,37492705	AlgB RR directly binds to the algD promoter, which is a key gene for alginate biosynthesis [45], which is crucial for P.
AlgR	algD	activates	establecida	Factores sigma	AlgR es el regulador de respuesta del TCS AlgZ(FimS)-AlgR	true	44	24999454,22511872,26206672,34830033,29263410	Transcription of algD is dependent on AlgR, as algR deletion in phenotypically mucoid backgrounds abrogated algD promoter activity as well as, alginate production (Deretic et al., 1987a, 1989;
AlgR	fimU	activates	establecida	Factores sigma	el blanco es el operon completo fimU-pilVWXY1Y2E (pseudopilinas, motilidad de contraccion)	true	13	24999454,26206672,29382736,28510688,35073734	AlgR regulates type IVa pili function and twitching motility through transcriptional activation of the fimUpilVWXY1Y2E operon, as an algR deletion abrogated expression from this operon (Lizewski et al., 2004;
AlgR	hcnABC	regulates	probable	Factores sigma	operon hcnABC (cianuro de hidrogeno)	true	11	22479525,24852379,24999454,26206672,29263410	AlgR regulates the hcnABC operon genes (PA2193-PA2195) involved in hydrogen cyanide synthesis in P.
AlgU	algB	activates	probable	Factores sigma	AlgB es el regulador de respuesta del TCS KinB-AlgB	true	17	30782665,32203410,18599839,22497280,37569271	Under these conditions, the algT regulon, including the alginate biosynthesis operon, algB, algR, and amrZ, are not transcribed.
AlgU	algC	activates	establecida	Factores sigma	AlgC es fosfomanomutasa/fosfoglucomutasa, compartida por alginato, Psl, Pel y LPS	true	9	29263410,28325763,29497413,34445336,26104694	Disruption of MucA results in release of AlgT, activating transcription of the algC gene, genes encoded in the alginate biosynthetic operon (alg operon, under control of the algD promoter PalgD), and bis-(3',5')-cyclic dimeric GMP (c-di-GMP)-all required for alginate synthesis.
AlgU	algD	activates	establecida	Factores sigma	AlgU=AlgT=sigma-22=RpoE; algD encabeza el operon algD-alg8-alg44-algKEGXLIJFA	true	57	22589289,23533140,23991093,18599839,8761660	This 22-kDa alternative sigma factor, encoded by algT (also known as algU), is essential for expression of the algD promoter (PalgD), which controls the expression of the 12-gene alginate biosynthetic operon (algD-alg8-alg44-algKEGXLIJFA) (10-12).
AlgU	algR	activates	establecida	Factores sigma	el blanco real es el operon fimS(algZ)-algR	true	42	24138584,24852379,29263410,22479525,32203410	As a sigma factor, AlgU drives transcription of the alginate biosynthetic gene algD[5] and the alginate regulator gene algR[26].
AlgU	algU	activates	establecida	Factores sigma	autorregulacion del operon algU-mucABCD por el promotor P1/PalgU	true	24	18599839,23533140,22589289,22497280,29263410	The P1 promoter of algU has been reported to be an AlgU-dependent autoregulatory promoter (Firoved & Deretic, 2003;
AlgU	amrZ	activates	establecida	Factores sigma	AmrZ se llamo AlgZ antes de 2006; ojo, hay otro AlgZ que es FimS	true	22	22511872,24670089,29497413,30782665,32203410	Both the algD operon and amrZ are under the control of the alternative sigma factor AlgT (AlgU/sigma22) [32].
AlgU	fliC	represses	probable	Factores sigma	fliC = flagelina tipo B; la represion es indirecta, via AmrZ -> fleQ	true	3	24138584,31158231,18524926	previously reported that AlgU can negatively regulate flagellin type B and repress flagella expression [33].
AlgU	oprF	activates	establecida	Factores sigma	OprF es la porina mayoritaria de membrana externa; comparte control con SigX	true	4	26157434,33143386,33193206,38521769	OprF expression is controlled by at least two extracytoplasmic function (ECFs) sigma factors, AlgU and SigX (Brinkman et al.
AlgU	rpoH	activates	establecida	Factores sigma	RpoH=sigma-32, el sigma de choque termico	true	8	25780925,26441945,24852379,33193206,36675051	We found only a direct impact of AlgU on rpoH expression, while indirect cross talk was identified between RpoH and algU as well between FpvI and fecI2.
AmrZ	algD	activates	establecida	Factores sigma	AmrZ=AlgZ	true	17	22511872,24603766,24670089,26309248,33143386	AmrZ functions as a transcriptional activator at the algD promoter and binds 282 base pairs upstream of the transcriptional start site.
AmrZ	amrZ	represses	establecida	Factores sigma	autorrepresion en los sitios amrZ1 y amrZ2 del propio promotor	true	8	22511872,24603766,24670089,26549743,31474950	Finally, AmrZ also represses its own transcription by binding to two sites on the amrZ promoter, amrZ1 and amrZ2 [9].
AmrZ	fleQ	represses	establecida	Factores sigma	AmrZ=AlgZ (nombre historico); FleQ es el regulador maestro flagelar	true	19	22511872,24603766,24670089,18524926,31158231	Reciprocal to this, AmrZ represses fleQ, which encodes an activator of flagellum expression [7].
AmrZ	psl	represses	establecida	Factores sigma	operon pslA-pslN; AmrZ=AlgZ	true	18	24603766,26549743,29497413,31474950,36533916	AmrZ activates alginate transcription and twitching motility, but represses Psl, flagella, and c-di-GMP production (Figure 7).
GacA	rpoS	regulates	probable	Factores sigma	GacA es el regulador de respuesta del TCS GacS/GacA	true	20	12823806,12879217,18405392,28553272,24157832	Global regulatory systems, the GacA/GacS two component system and quorum sensing all affect rpoS expression, as does the TetR family PsrA regulator that directly binds to- and activates the rpoS promoter in stationary phase.
MucA	algU	represses	establecida	Factores sigma	MucA es el factor anti-sigma cognado; el mecanismo es secuestro proteico, no represion transcripcional	true	92	23533140,18599839,19298369,24852379,24913916	MucA is a negative regulator of alginate overproduction because it sequesters AlgU (AlgT, sigmaE, sigma22), the primary sigma factor responsible for activation of the alginate biosynthetic operon at the algD promoter (Wozniak and Ohman 1994).
MucB	algU	represses	establecida	Factores sigma	MucB actua en el periplasma sobre MucA; inhibicion indirecta de AlgU	true	32	18599839,19298369,24852379,24913916,26206672	The activity of AlgU is regulated by the algUmucABCD cluster, which encodes a cognate anti-sigma factor, MucA, as well as the negative regulators MucB and MucD.
OxyR	katB	activates	establecida	Factores sigma	la misma oracion cubre katA, ahpB y ahpCF como blancos de OxyR	true	17	22275523,32605982,33101252,34254827,24157832	In the human opportunistic pathogen Pseudomonas aeruginosa, OxyR positively regulates expression of the oxidative stress response genes katA, katB, ahpB and ahpCF.
PsrA	rpoS	activates	establecida	Factores sigma	PsrA es un regulador de la familia TetR, sensor de acidos grasos de cadena larga	true	18	19508282,15899403,16428760,12879217,12823806	The Pseudomonas aeruginosa PsrA autorepressor has dual roles as a repressor of the fadBA5 beta-oxidation-operon and an activator of the stationary-phase sigma factor rpoS and exsCEBA-operon of the type III secretion system (TTSS).
RpoH	htpG	activates	probable	Factores sigma	htpG = chaperona Hsp90 bacteriana, miembro clasico del regulon de choque termico	false	0		
RpoH	ibpA	activates	establecida	Factores sigma	RpoH=sigma-32; ibpA=PA3126, chaperona pequena de choque termico	true	5	23741480,36675051,26441945	We conclude that transcriptional control of the ibpA gene depends on the heat shock sigma factor sigma32.
RpoN	algD	activates	probable	Factores sigma	efecto medido en el fondo mucoide PAO579, rio arriba de PilA y AlgU	true	4	23533140,22497280,24138584	Consistent with these findings, we observed that inactivation of rpoN in PAO579 (PAO579rpoN::TcR) resulted in a significant decreases in activity at the algD and algU promoters when compared to PAO579 (Fig.
RpoN	fleSR	activates	establecida	Factores sigma	FleS/FleR es el TCS flagelar; FleR es un activador dependiente de sigma-54	true	5	34367113,30042200,24497189,34830033,38660402	Previous studies revealed that the activation of FleS/FleR requires another TCS PilS/PilR, an alternate sigma factor RpoN (sigma54) and a transcriptional regulator FleQ (Arora et al., 1997;
RpoN	fliC	activates	establecida	Factores sigma	RpoN=sigma-54=sigmaN; la oracion cubre tambien PflgB, PfliS y PflhA	true	10	27636892,26915971,23572517,28553272,37492705	Promoters PflgB, PfliC, PmcpG, PfliS and PflhA displayed strict dependency on the alternative sigma factor, as their basal expression levels in the rpoN mutant were comparable to those in the vector construct and expression was elevated 5- to 58-fold (for PflhA and PflgB, respectively) in the presence of sigmaN.
RpoN	glnA	activates	establecida	Factores sigma	glnA = glutamina sintetasa; activacion via NtrB/NtrC	true	1	34928327	Overall, our ChIP-seq approach is validated by the fact that RpoN is shown to bind to its well-known targets in our data set, including the top hit glnA (encoding glutamine synthetase involved with nitrogen metabolism) (49) (Supplementary Table S7).
RpoN	pilA	activates	establecida	Factores sigma	pilA es el gen estructural de la pilina de tipo IV; requiere ademas PilS/PilR	true	6	8550520,7911557,23533140,37492705,30281587	Expression of pilA requires the alternative sigma factor RpoN and a pair of regulatory elements, PilS and PilR.
RpoN	rhlR	activates	probable	Factores sigma	efecto indirecto sobre rhlAB via rhlR	true	9	24308329,24943492,26633362,22666466,30281587	Nevertheless, it has been suggested, using translational reporter fusions, that RpoN activates rhlA expression indirectly through the activation of the transcription of rhlR (encoding an rhlAB transcriptional activator) (Medina et al b 2003a).
RpoS	betB	activates	probable	Factores sigma	betAB, osmoproteccion por glicina betaina	false	0		
RpoS	katA	activates	establecida	Factores sigma	la misma fuente extiende la relacion a katB; el corpus la califica de indirecta	true	4	32605982,28553272,24157832	aeruginosa, RpoS controls the expression of the catalase genes katA/B (18); however, no RpoS binding sequence has been identified in the promoter regions of the two genes, indicating an indirect regulation (47).
RpoS	lecA	activates	establecida	Factores sigma	lecA codifica la lectina PA-IL	true	5	32605982,22479525,28553272,35800985,21880152	aeruginosa lectin PA-IL coding gene lecA and the two-component response regulator gene pprB are under the direct regulation of RpoS (58, 59).
RpoS	pprB	activates	probable	Factores sigma	PprB es el regulador de respuesta del TCS PprA-PprB; controla el locus tad y flp	true	8	21880152,24498062,32605982,33391189,35752612	Upregulated gene PA4296, which codes for the two-component response regulator PprB, was shown to be regulated by both RpoS [52] and QS [53].
RpoS	pqsE	represses	probable	Factores sigma	pqsE es el ultimo gen del operon pqsABCDE	true	5	38169053,19682264,20406282,35985643,41810971	Here, we show that RpoS represses pqsE transcription, which impacts the stability and activity of RhlR.
RpoS	rhlI	represses	establecida	Factores sigma	rhlI codifica la sintasa de C4-HSL (BHL)	true	9	10894749,19508282,35752612,37492705,41810971	This rpoS mutant showed elevated levels of rhlI (but not rhlR) transcription, elevated levels of the RhlI-generated acylhomoserine lactone quorum-sensing signal, and elevated levels of RhlR-RhlI-regulated gene transcription.
RpoS	rhlR	regulates	probable	Factores sigma	RpoS=sigma-38=sigma-S	true	20	38169053,35752612,10894749,35800985,41810971	It has been shown that the alternative sigma factor RpoS regulates QS through the reduction of lasR and rhlR transcription (encoding QS regulators).
FoxI	foxA	activates	probable	Hierro sideroforos	FoxI = sigma ECF (sigma-FoxI), PA2468; foxA = receptor de ferrioxamina, PA2466; FoxR = anti-sigma	true	1	25809487	This regulatory pathway controls the transcription of the foxA ferrioxamine receptor gene through the extracytoplasmic function sigma factor sigma(FoxI).
FpvI	fpvA	activates	establecida	Hierro sideroforos	FpvI = sigma ECF, PA2387; fpvA = receptor de ferripioverdina, PA2398	true	9	12492864,12562796,16077110,25433393,35171432	Deletion of this gene, dubbed fpvI, compromised pyoverdine-dependent FpvA ferric pyoverdine receptor production and fpvA gene expression, while the cloned gene stimulated fpvA expression.
FpvR	fpvI	represses	establecida	Hierro sideroforos	represion post-traduccional (secuestro del sigma), no transcripcional	true	8	12492864,12781517,16077110,19730690,22040024	FpvR negatively regulates the activity of a second ECF sigma factor, FpvI, which is required for the synthesis of FpvA, and the presence of ferri-pyoverdine greatly increases the activity of FpvI so that production of FpvA is induced.
FpvR	pvdS	represses	establecida	Hierro sideroforos	FpvR = anti-sigma, PA2388; represion post-traduccional (secuestro), no transcripcional	true	13	12492864,12781517,16077110,18047579,22040024	When pyoverdine is absent subfragments of FpvR inhibit PvdS and FpvI.
Fur	bfrB	activates	establecida	Hierro sideroforos	bfrB = bacterioferritina B, PA3531; activacion INDIRECTA por represion de PrrF	true	6	15210934,37569271,39436074,40150866,41874169	Conversely, Fur positively regulates the genes coding for the bacterioferritin (bfrB) and ferritin (ftnA) iron storage proteins via negative regulation of the PrrF sRNAs.
Fur	fptA	represses	probable	Hierro sideroforos	fptA = receptor de ferripioquelina, PA4221	true	2	8626326,36377899	According to previous studies, 10 of the high-NTR iron-related promoters (pvdS, pchR, prrH, fptA, etc.) are directly regulated by Fur (Fig.
Fur	fpvI	represses	establecida	Hierro sideroforos	FpvI = sigma ECF del receptor de ferripioverdina, PA2387	true	5	12562796,18194565,24587139,35171432,36036571	The pvdS, fpvR, and fpvI genes are repressed by Fur-Fe2+, as well as the pchR gene.
Fur	fpvR	represses	establecida	Hierro sideroforos	FpvR = anti-sigma de membrana interna, PA2388	true	2	18194565,36036571	The pvdS, fpvR, and fpvI genes are repressed by Fur-Fe2+, as well as the pchR gene.
Fur	fumC	represses	probable	Hierro sideroforos	operon fagA-fumC-orfX-sodA (PA4471-PA4468); sodA = Mn-superoxido dismutasa	true	2	9045799,23967252	These data suggest that the P. aeruginosa fagA, fumC, orfX, and sodA genes reside together on a small operon that is regulated by Fur and is transcribed in response to iron limitation in mucoid, alginate-producing bacteria.
Fur	hasR	represses	probable	Hierro sideroforos	hasR = receptor del sistema hemoforo Has, PA3408	true	3	28325763,36712080,37800921	Heme oxygenase also releases iron that can then function through the Fur protein to repress expression of heme-responsive genes, including hasR and prrF1/prrH.
Fur	pchDCBA	represses	establecida	Hierro sideroforos	operones de pioquelina pchDCBA y pchEFGHI	true	8	19686346,28847923,36712080,37569271,40150866	Additionally, iron-activated Fur represses the expression of the two pyochelin operons and pchR (Michel et al., 2005).
Fur	pchR	represses	establecida	Hierro sideroforos	pchR = PA4227, regulador tipo AraC de pioquelina	true	15	8522528,19686346,23967252,36036571,39436074	The pvdS, fpvR, and fpvI genes are repressed by Fur-Fe2+, as well as the pchR gene.
Fur	pirR	represses	probable	Hierro sideroforos	pirR = regulador de respuesta del sistema de dos componentes PirR-PirS, PA0708	true	1	35770947	Under iron-proficient conditions, Fur represses expression of both operons by binding to Fur boxes upstream pirR and piuA (red arrowheads).
Fur	piuA	represses	probable	Hierro sideroforos	piuA = PA4514, receptor TonB-dependiente de catecoles	true	1	35770947	Under iron-proficient conditions, Fur represses expression of both operons by binding to Fur boxes upstream pirR and piuA (red arrowheads).
Fur	prrF1	represses	establecida	Hierro sideroforos	prrF1/prrF2 = sRNAs PrrF, homologos de RyhB de E. coli	true	18	15210934,18405392,23967252,31718472,33428928	Previous works have disclosed that PrrF was transcriptionally repressed by Fur [19].
Fur	prrH	represses	probable	Hierro sideroforos	PrrH = sRNA de lectura continua desde el locus prrF1-prrF2, responde a hemo	true	6	33428928,36377899,36712080,37800921,40122173	Heme oxygenase also releases iron that can then function through the Fur protein to repress expression of heme-responsive genes, including hasR and prrF1/prrH.
Fur	pvdA	represses	establecida	Hierro sideroforos	pvdA = L-ornitina N5-oxigenasa, PA2386; relacion INDIRECTA via PvdS	true	2	8636031,36377899	Our results support the hypothesis that the P. aeruginosa Fur repressor indirectly controls pvdA transcription through the intermediary sigma factor PvdS; in the presence of sufficient iron, Fur blocks the pvdS promoter, thus preventing PvdS expression and consequently transcription of pvdA and other pyoverdin biosynthesis genes.
Fur	pvdS	represses	establecida	Hierro sideroforos	Fur = ferric uptake regulator, PA4764; pvdS = PA2426, sigma de inanicion de hierro	true	30	8522528,8636031,28893176,36036571,39436074	When iron levels in the cytoplasm are sufficient, Fur (ferric-uptake regulator) builds a complex with Fe2+, which then binds to the pvdS-promoter site and inhibits transcription.
Fur	regA	represses	establecida	Hierro sideroforos	regA / regAB = PtxR-asociado, activador de toxA	true	5	1779768,8885271,19686346,22844393,24920832	Upon its activation by iron, Fur specifically binds to the upstream regions of pvdS and regA thereby repressing the expression of toxA and the pyoverdine genes (Vasil & Ochsner, 1999;
Fur	toxA	represses	establecida	Hierro sideroforos	toxA = exotoxina A (ETA), PA1148; relacion INDIRECTA (Fur no une el promotor de toxA)	true	6	1779768,8885271,19686346,22844393,24920832	Under iron-replete conditions, expression of the ETA gene toxA, the siderophore genes, and the siderophore receptor genes is repressed through the ferric uptake regulator, Fur (Vasil & Ochsner, 1999, Hamood, et al., 2004).
HasI	hasR	activates	probable	Hierro sideroforos	HasI = sigma ECF del sistema hemoforo Has, PA3410; hasR = PA3408, operon has (hasRAp)	true	5	32522817,32551497,34324310,34531485,34836613	HasI then binds to the hasR promoter, recruits the core RNA polymerase, and upregulates transcription of the has operon.
PchR	fptA	activates	establecida	Hierro sideroforos	fptA / fptAB = receptor de ferripioquelina, PA4221	true	8	8626326,20406282,22343350,36036571,40150866	The pyochelin biosynthetic operons pchDCBA and pchEFGHI, along with the cognate Fe(III)-pyochelin receptor gene fptA, are induced by the transcriptional regulator PchR bound to the ferripyochelin complex (Michel et al.
PchR	pchDCBA	activates	establecida	Hierro sideroforos	PchR = regulador tipo AraC, PA4227; operones pchDCBA y pchEFGHI	true	13	19686346,20406282,33757766,36036571,40150866	The product PchR, once bound to pyochelin (PCH), represses its own expression, whereas it activates the fptAB, pchEFGHI, and pchDCBA operons.
PchR	pchR	represses	probable	Hierro sideroforos	autorregulacion negativa en ausencia de pioquelina	true	3	8626326,36036571,37569271	The iron-loaded form of pyochelin acts as an effector molecule, activating the gene transcription of PchR targets, while PchR represses its own expression when siderophore is absent [61].
PfeR	pfeA	activates	establecida	Hierro sideroforos	PfeR-PfeS = sistema de dos componentes, PA2686-PA2687; pfeA = receptor de ferrienterobactina, PA2688	true	4	8361354,8808923,24157832,34718721	PfeR, a two-component response regulator, positively regulates pfeA, encoding the enterobactin outer membrane receptor (51).
PirR	pirA	activates	probable	Hierro sideroforos	PirR-PirS = sistema de dos componentes, PA0708-PA0707; pirA = receptor TonB-dependiente, PA0931	true	2	35770947,37795425	Surprisingly, quercetin supplementation increased the susceptibility of P. aeruginosa to siderophore-drug conjugates, due to induction of piuA and pirA expression mediated by the PirR-PirS two-component system.
PrrF	antR	represses	probable	Hierro sideroforos	antR = activador del operon antABC de degradacion de antranilato, PA2426 vecino	true	7	28686727,29507088,33428928,34445336,35891650	PrrF also indirectly promotes the production of the Pseudomonas quinolone signal (PQS) by repressing antR, an activator of genes required for degradation of the PQS biosynthetic precursor anthranilate (15).
PrrF	bfrB	represses	establecida	Hierro sideroforos	bfrB = bacterioferritina B, PA3531; represion traduccional por heteroduplex	true	3	15210934,40150866,41874169	PrrF1 and PrrF2, when expressed (under low-iron conditions), form a heteroduplex with the mRNA of the bacterioferritin gene bfrB, inhibiting its translation.
PrrF	katA	represses	probable	Hierro sideroforos	katA = catalasa, PA4236; antagonizado por la esponja de RNA SkatA	true	2	28976035,34445336	The RNA sponge SkatA acts as a decoy for PrrF1, which interferes with PrrF1 base-pairing to the 5' end of the katA transcript, and thus with translational repression [52,86].
PrrF	sdhCDAB	represses	establecida	Hierro sideroforos	sdh = succinato deshidrogenasa; el corpus casi siempre escribe 'sdh' sin las subunidades	true	1	15210934	As in E. coli, induction of the PrrF sRNAs leads to the rapid loss of mRNAs for sodB (superoxide dismutase), sdh (succinate dehydrogenase), and a gene encoding a bacterioferritin.
PrrF	sodB	represses	establecida	Hierro sideroforos	PrrF1/PrrF2 sRNAs; sodB = Fe-superoxido dismutasa, PA4366; represion post-transcripcional	true	3	15210934,28976035,34836613	As in E. coli, induction of the PrrF sRNAs leads to the rapid loss of mRNAs for sodB (superoxide dismutase), sdh (succinate dehydrogenase), and a gene encoding a bacterioferritin.
PvdS	pqsR	activates	probable	Hierro sideroforos	PqsR = MvfR = PA1003; el corpus usa mvfR con mas frecuencia que pqsR	true	6	20300606,22275523,23967252,24157832,27851827	The iron-responsive sigma factor PvdS (PA2426) turns on mvfR transcription in response to iron starvation (122,123).
PvdS	prpL	activates	establecida	Hierro sideroforos	prpL = piv = proteasa IV, PvdS-regulated endoprotease lysyl class, PA4175	true	11	19730690,20370820,24157832,25433393,40391957	piv expression is directly upregulated by the sigma factor PvdS under iron starvation conditions, leading to the gene's alternate name prpL (PvdS-regulated endoprotease, lysyl class) (26).
PvdS	ptxR	activates	establecida	Hierro sideroforos	ptxR = regulador tipo LysR de toxA, PA2258	true	10	9852033,18048935,18227247,22844393,24920832	DNA-protein binding analysis using recombinant PvdS showed that the PvdS-RNA polymerase holoenzyme complex specifically bound the toxA, regA and ptxR promoter regions.
PvdS	pvdA	activates	establecida	Hierro sideroforos	PvdS = sigma ECF de inanicion de hierro, PA2426; pvdA = PA2386	true	4	8636031,10692351,16030202,36377899	Transcription from the pvdA promoter did not occur in a heterologous host unless in the presence of the pvdS gene in trans and was abrogated in a pvdS mutant of P. aeruginosa.
PvdS	pvdD	activates	establecida	Hierro sideroforos	pvdD = sintetasa peptidica no ribosomal, PA2399	true	3	18048935,19686346,29382736	The P. aeruginosa iron-starvation sigma factor PvdS enhances the transcription of toxA and the pyoverdine synthesis genes pvdD and pvdE (Cunliffe et al., 1995;
PvdS	pvdE	activates	establecida	Hierro sideroforos	pvdE = transportador ABC de pioverdina, PA2397	true	3	11222621,19686346,25433393	Two divergent PvdS-dependent promoters (pvdE and pvdF) were characterized by deletion analysis, and the minimal promoter region for each included a sequence element, the iron starvation (IS) box, that is present in other pvd promoters.
PvdS	pvdF	activates	establecida	Hierro sideroforos	pvdF = PA2396; el mismo promotor divergente pvdE-pvdF	true	3	11222621,29382736,34390514	Two divergent PvdS-dependent promoters (pvdE and pvdF) were characterized by deletion analysis, and the minimal promoter region for each included a sequence element, the iron starvation (IS) box, that is present in other pvd promoters.
PvdS	pvdL	activates	probable	Hierro sideroforos	pvdL = PA2424, NRPS iniciadora de pioverdina	false	0		
PvdS	pvdQ	activates	probable	Hierro sideroforos	pvdN, pvdO, pvdP, pvdQ: genes tardios de maduracion de pioverdina	false	0		
PvdS	toxA	activates	establecida	Hierro sideroforos	toxA = exotoxina A (ETA), PA1148	true	20	9852033,18048935,19389782,19686346,20370820	DNA-protein binding analysis using recombinant PvdS showed that the PvdS-RNA polymerase holoenzyme complex specifically bound the toxA, regA and ptxR promoter regions.
LasR	aprA	activates	establecida	Quorum sensing	aprA = PA1249, proteasa alcalina, AprA	true	6	37255658,21261882,25505457,31718472,39592545	Once activated, the LasR receptor drives the expression of several virulence factors including lasA, lasB, and aprA.
LasR	hcnABC	activates	establecida	Quorum sensing	hcnABC = PA2193-PA2195, sintasa de cianuro de hidrogeno	true	3	31357168,25505457,32457239	The hcnABC operon encoding HCN synthase is activated synergistically by LasR, RhlR, and the anaerobic regulator ANR (Pessi and Haas, 2000).
LasR	lasA	activates	establecida	Quorum sensing	lasA = PA1871, estafilolisina, LasA	true	8	25505457,31718472,35800985,37255658,26457326	LasA is an important virulence factor of P. aeruginosa and is positively regulated by LasR.
LasR	lasB	activates	establecida	Quorum sensing	lasB = PA3724, elastasa B, LasB	true	16	27631025,31718472,37255658,25505457,24533146	When bound to 3OC12HSL, LasR positively regulates expression of lasB, a gene encoding a metalloprotease with destructive activity against host tissues (23, 24).
LasR	lasI	activates	establecida	Quorum sensing	lasI = PA1432; asa de autoinduccion del sistema las	true	24	21261882,24938225,25034696,23498960,32188749	The Las QS system is activated by N-(3-oxododecanoyl)-l-homoserine lactone (3OC12-HSL), and the LasR transcription factor controls expression of 3OC12-HSL synthesis (lasI) and virulence factors (e.g. lasAB, toxA and apr) (Wagner et al., 2004).
LasR	phzA-G	activates	probable	Quorum sensing	phzA1-G1 = PA4210-PA4216 (phz1) y phzA2-G2 = PA1899-PA1905 (phz2); phzM = PA4209	true	3	23028334,32457239,37492705	Promoter-lacZ fusion experiments in wild-type, lasR, and rhlR mutants of P. aeruginosa showed strong LasR- and RhlR-dependent expression of the lacZ reporter fused to the phzA1 promoter fragment (Figure 5B).
LasR	pqsH	activates	establecida	Quorum sensing	pqsH = PA2587, monooxigenasa que convierte HHQ en PQS	true	12	29220387,20406282,28010047,34445336,36036571	LasR directly activates pqsR and pqsH, and PqsR directly activates pqsA, and the loss of any of these genes causes a drastic reduction in PQS production [12, 38, 39].
LasR	pqsR	activates	establecida	Quorum sensing	pqsR = mvfR = PA1003; proteina PqsR = MvfR	true	32	27678057,29220387,26808156,24999454,20406282	On the other hand LasR positively regulates MvfR, as it binds and induces mvfR expression during exponential phase2735, with MvfR eventually becoming LasR-independent at the later stages of growth35.
LasR	rhlI	activates	establecida	Quorum sensing	rhlI = PA3476, sinonimo historico vsmI	true	24	32457239,28715477,20656785,26808156,17714587	LasR also activates the transcription of the rhlI and rhlR genes, which code for the AHL synthase RhlI and the transcriptional regulator RhlR (5, 7).
LasR	rhlR	activates	establecida	Quorum sensing	LasR = PA1430; rhlR = PA3477, sinonimo historico vsmR	true	62	20656785,19682264,31194839,24034668,17714587	Upon binding the acyl homoserine lactone (AHL) 3-oxo-C12-homoserine lactone (3OC12HSL), LasR activates the transcription of RhlR, another transcription factor, and stimulates the production of N-butyryl-homoserine lactone (C4HSL) (Pesci et al., 1997).
LasR	rsaL	activates	establecida	Quorum sensing	rsaL = PA1431, entre lasR y lasI, promotor bidireccional	true	8	28466892,36364411,37569271,40799166,24533146	LasR also activates the expression of other genes, including rsaL, coding for the RsaL protein which acts as a transcriptional repressor of lasI.
LasR	toxA	activates	establecida	Quorum sensing	toxA = PA1148, exotoxina A; regulacion parcialmente via RegA	true	5	31718472,21261882,25505457,8454322,35800985	In the las system, the lasI gene product directs the formation of the diffusible extracellular signal N-(3-oxododecanoyl)-L-HSL (3-oxo-C12-HSL), which interacts with LasR to activate a number of virulence factors, including the LasA and LasB elastases, exotoxin A, and alkaline protease.
PqsR	phnAB	activates	establecida	Quorum sensing	phnAB = PA1001-PA1002, antranilato sintasa	true	11	24782516,23533774,29339431,17083468,41641960	(ii) pqsR (also known as mvfR) codes for a LysR-type regulator required for the transcription of the pqsABCDE and phnAB operons and the biosynthesis of 2-alkyl-4(1H)-quinolones that play critical roles in quorum sensing and the virulence of P. aeruginosa (64);
PqsR	pqsABCDE	activates	establecida	Quorum sensing	PqsR = MvfR = PA1003, regulador tipo LysR; ligandos HHQ y PQS	true	46	42281369,26788419,29220387,20406282,23935486	Given that pqsA transcription is directly activated by PqsR, we speculated that alpha-mangostin might suppress pqsA expression by targeting PqsR.
PqsR	rhlR	activates	probable	Quorum sensing	buena parte del efecto es indirecto, via PqsE que actua como coactivador de RhlR	true	18	27678057,34641440,32457239,40150866,36379213	(b) RNAseq analysis indicates that MvfR induces the expression of rhlR.
QscR	hcnABC	represses	establecida	Quorum sensing		true	3	29375519,12657055,24999454	QscR suppresses quorum-controlled operons involved in hydrogen cyanide and phenazine biosynthesis (Chugani et al., 2001).
QscR	lasI	represses	establecida	Quorum sensing	QscR = PA1898, receptor huerfano (sin sintasa propia)	true	4	24999454,25389523,27075730,30154259	Adding to the complexity is an orphan regulator, QscR, which responds to 3-oxo-C12 HSL and represses quorum-sensing regulated factors including phenazine and hydrogen cyanide production, rhlI/rhlR and lasI expression (Chugani et al., 2001;
QscR	phzA-G	represses	establecida	Quorum sensing	qsc105 es el tercer grupo del trabajo original de Chugani 2001	true	3	12657055,24999454,29375519	It has been shown previously that QscR represses transcription of three QS-controlled gene clusters, phz (phenazine), hcn (hydrogen cyanide) and qsc105 (Chugani, Whiteley, Lee, D'Argenio, Manoil, and Greenberg, 2001, Proc Natl Acad Sci USA 98: 2752-2757).
QscR	rhlI	represses	establecida	Quorum sensing	QscR reprime tambien rhlR segun 24999454	true	4	25389523,24999454,27075730,36364411	Consistent with this finding, lasI and rhlI were both prematurely transcribed in the qscR mutant.
RhlR	hcnABC	activates	establecida	Quorum sensing	hcnA = PA2193	true	12	32457239,31357168,38064526,31830037,37255658	In this second AHL-mediated QS system of P. aeruginosa, RhlR associates with C4-HSL, produced by RhlI, and activates the transcription of genes implicated in several functions, such as the biosynthesis of rhamnolipids (rhlAB), hydrogen cyanide (hcnABC), and phenazines (two orthologous phzABCDEFG operons) as well as genes encoding lectins (lecA and lecB) (2, 5, 8-13).
RhlR	lasB	activates	establecida	Quorum sensing	lasB regulado por las dos ramas, las y rhl	true	8	37255658,21261882,38064526,35604161,30674910	Activated RhlR will induce the expression of virulence factors rhlA, lasB, and hcnA.
RhlR	lecA	activates	establecida	Quorum sensing	lecA = PA2570 = PA-IL, lectina I; lecB = PA3361 = PA-IIL	true	6	31830037,32457239,35604161,30674910,22479525	To further explore the role of the KinB-AlgB TCS on RhlR-driven gene expression, we quantified expression of 4 other RhlR-activated genes [21]-hsiC2 (type-VI secretion), hcnA (hydrogen cyanide synthase), lecA (galactose-binding lectin), and lecB (fucose-binding lectin), all encoding virulence factors-in the WT and the deltakinB mutant.
RhlR	phzA-G	activates	establecida	Quorum sensing	phz1 (phzA1-G1) y phz2 (phzA2-G2); ruta a piocianina via phzM/phzS	true	12	38041625,32265330,32457239,31194839,23028334	To test this hypothesis, we quantified phzA transcript by qRT-PCR and showed that, indeed, RhlR induces the level of phzA transcript (Table 1).
RhlR	pqsABCDE	represses	establecida	Quorum sensing	pqsABCDE = PA0996-PA1000; la represion requiere PqsE ademas de C4-HSL	true	21	24999454,20406282,35019777,27678057,28010047	Studies have revealed a large amount of cross-talk among the three circuits (Dekimpe and Deziel, 2009) where LasR activates the pqsR/mvfR gene (Xiao et al., 2006), while RhlR represses pqsABCDE transcription (McGrath et al., 2004;
RhlR	pqsR	represses	establecida	Quorum sensing	pqsR = mvfR	true	13	34641440,20406282,27678057,40150866,26808156	RhlR inhibits the expression of pqsR and pqsABCD while PqsR activates that of rhlRI.
RhlR	rhlAB	activates	establecida	Quorum sensing	rhlAB = PA3479-PA3478, ramnosiltransferasa, ramnolipidos	true	24	24943492,40243300,38064526,28715477,21261882	Rhamnolipid production was indeed impaired in rpoN mutants [7,8], but subsequent data showed that the RhlR/C4-HSL complex activates the rhlA promoter independently from sigma-54 [12] and it remains unclear if the latter acts only indirectly on rhlAB transcription.
RhlR	rhlI	activates	establecida	Quorum sensing	asa de autoinduccion del sistema rhl	true	20	21261882,32457239,28715477,36379213,40366200	The Rhl system is activated by N-butyryl-HSL (C4-HSL), and the RhlR transcription factor controls expression of C4-HSL synthesis (rhlI), rhlAB, lasB, and pyocyanin production (Wagner et al., 2004).
RhlR	rpoS	regulates	probable	Quorum sensing	relacion en disputa: el corpus la afirma y la niega (ver notas)	true	2	35800985,15073294	By contrast, the second canonical QS system RhlI/RhlR participates in the synthesis of n-butyryl-l-homoserine lactone (C4-AHL), in the regulation of receptor transcription RhlR and other genes, such as lasB (elastase B), rhlAB (rhamnolipid synthesis genes), rhlI (autoinducer synthase), rpoS (the stationary phase sigma factor), lecA (type 1 lectin), lecB (type II lectin) and hcnABC.
RsaL	lasI	represses	establecida	Quorum sensing	RsaL = PA1431	true	9	23861975,25034696,27924027,32188749,28466892	In particular, RsaL directly represses lasI transcription [16,17], while Vfr directly activates the lasR promoter region [18].
Vfr	lasR	activates	establecida	Quorum sensing	Vfr = PA0652, homologo de CRP; entrada de cAMP a la jerarquia de QS	true	6	23861975,24279383,36364411,17159200,12218009	In particular, RsaL directly represses lasI transcription [16,17], while Vfr directly activates the lasR promoter region [18].
