tf	blanco	experimento	pmids
AlgR	PA2193	Ad-hoc quantitative phenotype observation [PMID: 15466037]|EMSA [PMID: 15466037]|S1 nuclease protection [PMID: 15466037]	
AlgR	PA2194	Ad-hoc quantitative phenotype observation [PMID: 15466037]|EMSA [PMID: 15466037]|S1 nuclease protection [PMID: 15466037]	
AlgR	PA3476	Beta-gal reporter assay [PMID: 17766417]|EMSA [PMID: 17766417]|Site directed mutagenesis [PMID: 17766417]	
AlgR	PA3479	Beta-gal reporter assay [PMID: 17766417]|DNA-array expression analysis [PMID: 17766417]|EMSA [PMID: 17766417]|Site directed mutagenesis [PMID: 17766417]	
AlgR	PA4550	DNAse footprinting [PMID: 18178737]|EMSA [PMID: 18178737]|qRT-PCR [RNA] [PMID: 18178737]	
AlgR	PA4551	DNAse footprinting [PMID: 18178737]|EMSA [PMID: 18178737]|qRT-PCR [RNA] [PMID: 18178737]	
AlgR	PA4552	DNAse footprinting [PMID: 18178737]|EMSA [PMID: 18178737]|qRT-PCR [RNA] [PMID: 18178737]	
AlgR	PA4553	DNAse footprinting [PMID: 18178737]|EMSA [PMID: 18178737]|qRT-PCR [RNA] [PMID: 18178737]	
AlgR	PA4554	DNAse footprinting [PMID: 18178737]|EMSA [PMID: 18178737]|qRT-PCR [RNA] [PMID: 18178737]	
AlgR	PA4555	DNAse footprinting [PMID: 18178737]|EMSA [PMID: 18178737]|qRT-PCR [RNA] [PMID: 18178737]	
AlgR	PA4556	DNAse footprinting [PMID: 18178737]|EMSA [PMID: 18178737]|qRT-PCR [RNA] [PMID: 18178737]	
AmrZ	PA0038	ChIP-Seq [PMID: 24603766]|RNA-Seq [PMID: 24603766]	
AmrZ	PA0044	ChIP-Seq [PMID: 24603766]|RNA-Seq [PMID: 24603766]	
AmrZ	PA0102	ChIP-Seq [PMID: 24603766]|RNA-Seq [PMID: 24603766]	
AmrZ	PA0172	ChIP-Seq [PMID: 24603766]|RNA-Seq [PMID: 24603766]	
AmrZ	PA0195	ChIP-Seq [PMID: 24603766]|RNA-Seq [PMID: 24603766]	
AmrZ	PA0247	ChIP-Seq [PMID: 24603766]|RNA-Seq [PMID: 24603766]	
AmrZ	PA0252	ChIP-Seq [PMID: 24603766]|RNA-Seq [PMID: 24603766]	
AmrZ	PA0264	ChIP-Seq [PMID: 24603766]|RNA-Seq [PMID: 24603766]	
AmrZ	PA0329	ChIP-Seq [PMID: 24603766]|RNA-Seq [PMID: 24603766]	
AmrZ	PA0338	ChIP-Seq [PMID: 24603766]|RNA-Seq [PMID: 24603766]	
AmrZ	PA0494	ChIP-Seq [PMID: 24603766]|RNA-Seq [PMID: 24603766]	
AmrZ	PA0594	ChIP-Seq [PMID: 24603766]|RNA-Seq [PMID: 24603766]	
AmrZ	PA0674	ChIP-Seq [PMID: 24603766]|RNA-Seq [PMID: 24603766]	
AmrZ	PA0691	ChIP-Seq [PMID: 24603766]|RNA-Seq [PMID: 24603766]	
AmrZ	PA0783	ChIP-Seq [PMID: 24603766]|RNA-Seq [PMID: 24603766]	
AmrZ	PA0807	ChIP-Seq [PMID: 24603766]|RNA-Seq [PMID: 24603766]	
AmrZ	PA0846	ChIP-Seq [PMID: 24603766]|RNA-Seq [PMID: 24603766]	
AmrZ	PA0938	ChIP-Seq [PMID: 24603766]|RNA-Seq [PMID: 24603766]	
AmrZ	PA0947	ChIP-Seq [PMID: 24603766]|RNA-Seq [PMID: 24603766]	
AmrZ	PA1073	ChIP-Seq [PMID: 24603766]|RNA-Seq [PMID: 24603766]	
AmrZ	PA1080	ChIP-Seq [PMID: 24603766]|RNA-Seq [PMID: 24603766]	
AmrZ	PA1097	ChIP-Seq [PMID: 24603766]|RNA-Seq [PMID: 24603766]	
AmrZ	PA1101	ChIP-Seq [PMID: 24603766]|RNA-Seq [PMID: 24603766]	
AmrZ	PA1102	ChIP-Seq [PMID: 24603766]|RNA-Seq [PMID: 24603766]	
AmrZ	PA1107	ChIP-Seq [PMID: 24603766]|RNA-Seq [PMID: 24603766]	
AmrZ	PA1214	ChIP-Seq [PMID: 24603766]|RNA-Seq [PMID: 24603766]	
AmrZ	PA1272	ChIP-Seq [PMID: 24603766]|RNA-Seq [PMID: 24603766]	
AmrZ	PA1331	ChIP-Seq [PMID: 24603766]|RNA-Seq [PMID: 24603766]	
AmrZ	PA1473	ChIP-Seq [PMID: 24603766]|RNA-Seq [PMID: 24603766]	
AmrZ	PA1509	ChIP-Seq [PMID: 24603766]|RNA-Seq [PMID: 24603766]	
AmrZ	PA1510	ChIP-Seq [PMID: 24603766]|RNA-Seq [PMID: 24603766]	
AmrZ	PA1528	ChIP-Seq [PMID: 24603766]|RNA-Seq [PMID: 24603766]	
AmrZ	PA1561	ChIP-Seq [PMID: 24603766]|RNA-Seq [PMID: 24603766]	
AmrZ	PA1657	ChIP-Seq [PMID: 24603766]|RNA-Seq [PMID: 24603766]	
AmrZ	PA1664	ChIP-Seq [PMID: 24603766]|RNA-Seq [PMID: 24603766]	
AmrZ	PA1668	ChIP-Seq [PMID: 24603766]|RNA-Seq [PMID: 24603766]	
AmrZ	PA1669	ChIP-Seq [PMID: 24603766]|RNA-Seq [PMID: 24603766]	
AmrZ	PA1679	ChIP-Seq [PMID: 24603766]|RNA-Seq [PMID: 24603766]	
AmrZ	PA1680	ChIP-Seq [PMID: 24603766]|RNA-Seq [PMID: 24603766]	
AmrZ	PA1725	ChIP-Seq [PMID: 24603766]|RNA-Seq [PMID: 24603766]	
AmrZ	PA1736	ChIP-Seq [PMID: 24603766]|RNA-Seq [PMID: 24603766]	
AmrZ	PA1738	ChIP-Seq [PMID: 24603766]|RNA-Seq [PMID: 24603766]	
AmrZ	PA1782	ChIP-Seq [PMID: 24603766]|RNA-Seq [PMID: 24603766]	
AmrZ	PA1784	ChIP-Seq [PMID: 24603766]|RNA-Seq [PMID: 24603766]	
AmrZ	PA1873	ChIP-Seq [PMID: 24603766]|RNA-Seq [PMID: 24603766]	
AmrZ	PA1939	ChIP-Seq [PMID: 24603766]|RNA-Seq [PMID: 24603766]	
AmrZ	PA1941	ChIP-Seq [PMID: 24603766]|RNA-Seq [PMID: 24603766]	
AmrZ	PA2072	ChIP-Seq [PMID: 24603766]|RNA-Seq [PMID: 24603766]	
AmrZ	PA2245	ChIP-Seq [PMID: 24603766]|RNA-Seq [PMID: 24603766]	
AmrZ	PA2249	ChIP-Seq [PMID: 24603766]|RNA-Seq [PMID: 24603766]	
AmrZ	PA2282	ChIP-Seq [PMID: 24603766]|RNA-Seq [PMID: 24603766]	
AmrZ	PA2286	ChIP-Seq [PMID: 24603766]|RNA-Seq [PMID: 24603766]	
AmrZ	PA2313	ChIP-Seq [PMID: 24603766]|RNA-Seq [PMID: 24603766]	
AmrZ	PA2400	ChIP-Seq [PMID: 24603766]|RNA-Seq [PMID: 24603766]	
AmrZ	PA2461	ChIP-Seq [PMID: 24603766]|RNA-Seq [PMID: 24603766]	
AmrZ	PA2462	ChIP-Seq [PMID: 24603766]|RNA-Seq [PMID: 24603766]	
AmrZ	PA2466	ChIP-Seq [PMID: 24603766]|RNA-Seq [PMID: 24603766]	
AmrZ	PA2567	ChIP-Seq [PMID: 24603766]|RNA-Seq [PMID: 24603766]	
AmrZ	PA2685	ChIP-Seq [PMID: 24603766]|RNA-Seq [PMID: 24603766]	
AmrZ	PA2867	ChIP-Seq [PMID: 24603766]|RNA-Seq [PMID: 24603766]	
AmrZ	PA2894	ChIP-Seq [PMID: 24603766]|RNA-Seq [PMID: 24603766]	
AmrZ	PA2992	ChIP-Seq [PMID: 24603766]|RNA-Seq [PMID: 24603766]	
AmrZ	PA3019	ChIP-Seq [PMID: 24603766]|RNA-Seq [PMID: 24603766]	
AmrZ	PA3032	ChIP-Seq [PMID: 24603766]|RNA-Seq [PMID: 24603766]	
AmrZ	PA3039	ChIP-Seq [PMID: 24603766]|RNA-Seq [PMID: 24603766]	
AmrZ	PA3058	ChIP-Seq [PMID: 24603766]|RNA-Seq [PMID: 24603766]	
AmrZ	PA3059	ChIP-Seq [PMID: 24603766]|RNA-Seq [PMID: 24603766]	
AmrZ	PA3060	ChIP-Seq [PMID: 24603766]|RNA-Seq [PMID: 24603766]	
AmrZ	PA3061	ChIP-Seq [PMID: 24603766]|RNA-Seq [PMID: 24603766]	
AmrZ	PA3062	ChIP-Seq [PMID: 24603766]|RNA-Seq [PMID: 24603766]	
AmrZ	PA3063	ChIP-Seq [PMID: 24603766]|RNA-Seq [PMID: 24603766]	
AmrZ	PA3064	ChIP-Seq [PMID: 24603766]|RNA-Seq [PMID: 24603766]	
AmrZ	PA3126	ChIP-Seq [PMID: 24603766]|RNA-Seq [PMID: 24603766]	
AmrZ	PA3147	ChIP-Seq [PMID: 24603766]|RNA-Seq [PMID: 24603766]	
AmrZ	PA3153	ChIP-Seq [PMID: 24603766]|RNA-Seq [PMID: 24603766]	
AmrZ	PA3177	ChIP-Seq [PMID: 24603766]|RNA-Seq [PMID: 24603766]	
AmrZ	PA3190	ChIP-Seq [PMID: 24603766]|RNA-Seq [PMID: 24603766]	
AmrZ	PA3215	ChIP-Seq [PMID: 24603766]|RNA-Seq [PMID: 24603766]	
AmrZ	PA3235	ChIP-Seq [PMID: 24603766]|RNA-Seq [PMID: 24603766]	
AmrZ	PA3276	ChIP-Seq [PMID: 24603766]|RNA-Seq [PMID: 24603766]	
AmrZ	PA3280	ChIP-Seq [PMID: 24603766]|RNA-Seq [PMID: 24603766]	
AmrZ	PA3311	ChIP-Seq [PMID: 24603766]|RNA-Seq [PMID: 24603766]	
AmrZ	PA3353	ChIP-Seq [PMID: 24603766]|RNA-Seq [PMID: 24603766]	
AmrZ	PA3385	Beta-gal reporter assay [PMID: 15968052]|ChIP-Seq [PMID: 24603766]|Copper-phenanthroline footprinting [PMID: 15968052]|EMSA [PMID: 15968052]|Fluorescence anisotropy [PMID: 22511872]|RNA-Seq [PMID: 24603766]|Site directed mutagenesis [PMID: 22511872]|X-ray crystallography [PMID: 22511872]	
AmrZ	PA3401	ChIP-Seq [PMID: 24603766]|RNA-Seq [PMID: 24603766]	
AmrZ	PA3413	ChIP-Seq [PMID: 24603766]|RNA-Seq [PMID: 24603766]	
AmrZ	PA3540	ChIP-Seq [PMID: 24603766]|RNA-Seq [PMID: 24603766]	
AmrZ	PA3541	ChIP-Seq [PMID: 24603766]|RNA-Seq [PMID: 24603766]	
AmrZ	PA3542	ChIP-Seq [PMID: 24603766]|RNA-Seq [PMID: 24603766]	
AmrZ	PA3544	ChIP-Seq [PMID: 24603766]|RNA-Seq [PMID: 24603766]	
AmrZ	PA3546	ChIP-Seq [PMID: 24603766]|RNA-Seq [PMID: 24603766]	
AmrZ	PA3648	ChIP-Seq [PMID: 24603766]|RNA-Seq [PMID: 24603766]	
AmrZ	PA3670	ChIP-Seq [PMID: 24603766]|RNA-Seq [PMID: 24603766]	
AmrZ	PA3674	ChIP-Seq [PMID: 24603766]|RNA-Seq [PMID: 24603766]	
AmrZ	PA3691	ChIP-Seq [PMID: 24603766]|RNA-Seq [PMID: 24603766]	
AmrZ	PA3722	ChIP-Seq [PMID: 24603766]|RNA-Seq [PMID: 24603766]	
AmrZ	PA3818	ChIP-Seq [PMID: 24603766]|RNA-Seq [PMID: 24603766]	
AmrZ	PA3825	ChIP-Seq [PMID: 24603766]|RNA-Seq [PMID: 24603766]	
AmrZ	PA3841	ChIP-Seq [PMID: 24603766]|RNA-Seq [PMID: 24603766]	
AmrZ	PA3854	ChIP-Seq [PMID: 24603766]|RNA-Seq [PMID: 24603766]	
AmrZ	PA3921	ChIP-Seq [PMID: 24603766]|RNA-Seq [PMID: 24603766]	
AmrZ	PA3934	ChIP-Seq [PMID: 24603766]|RNA-Seq [PMID: 24603766]	
AmrZ	PA3951	ChIP-Seq [PMID: 24603766]|RNA-Seq [PMID: 24603766]	
AmrZ	PA4033	ChIP-Seq [PMID: 24603766]|RNA-Seq [PMID: 24603766]	
AmrZ	PA4222	ChIP-Seq [PMID: 24603766]|RNA-Seq [PMID: 24603766]	
AmrZ	PA4292	ChIP-Seq [PMID: 24603766]|RNA-Seq [PMID: 24603766]	
AmrZ	PA4297	ChIP-Seq [PMID: 24603766]|RNA-Seq [PMID: 24603766]	
AmrZ	PA4300	ChIP-Seq [PMID: 24603766]|RNA-Seq [PMID: 24603766]	
AmrZ	PA4306	ChIP-Seq [PMID: 24603766]|RNA-Seq [PMID: 24603766]	
AmrZ	PA4307	ChIP-Seq [PMID: 24603766]|RNA-Seq [PMID: 24603766]	
AmrZ	PA4314	ChIP-Seq [PMID: 24603766]|RNA-Seq [PMID: 24603766]	
AmrZ	PA4324	ChIP-Seq [PMID: 24603766]|RNA-Seq [PMID: 24603766]	
AmrZ	PA4331	ChIP-Seq [PMID: 24603766]|RNA-Seq [PMID: 24603766]	
AmrZ	PA4367	ChIP-Seq [PMID: 24603766]|RNA-Seq [PMID: 24603766]	
AmrZ	PA4392	ChIP-Seq [PMID: 24603766]|RNA-Seq [PMID: 24603766]	
AmrZ	PA4418	ChIP-Seq [PMID: 24603766]|RNA-Seq [PMID: 24603766]	
AmrZ	PA4488	ChIP-Seq [PMID: 24603766]|RNA-Seq [PMID: 24603766]	
AmrZ	PA4493	ChIP-Seq [PMID: 24603766]|RNA-Seq [PMID: 24603766]	
AmrZ	PA4520	ChIP-Seq [PMID: 24603766]|RNA-Seq [PMID: 24603766]	
AmrZ	PA4606	ChIP-Seq [PMID: 24603766]|RNA-Seq [PMID: 24603766]	
AmrZ	PA4625	ChIP-Seq [PMID: 24603766]|RNA-Seq [PMID: 24603766]	
AmrZ	PA4639	ChIP-Seq [PMID: 24603766]|RNA-Seq [PMID: 24603766]	
AmrZ	PA4677	ChIP-Seq [PMID: 24603766]|RNA-Seq [PMID: 24603766]	
AmrZ	PA4683	ChIP-Seq [PMID: 24603766]|RNA-Seq [PMID: 24603766]	
AmrZ	PA4748	ChIP-Seq [PMID: 24603766]|RNA-Seq [PMID: 24603766]	
AmrZ	PA4842	ChIP-Seq [PMID: 24603766]|EMSA [PMID: 24603766]|RNA-Seq [PMID: 24603766]	
AmrZ	PA4844	ChIP-Seq [PMID: 24603766]|RNA-Seq [PMID: 24603766]	
AmrZ	PA4915	ChIP-Seq [PMID: 24603766]|RNA-Seq [PMID: 24603766]	
AmrZ	PA4929	ChIP-Seq [PMID: 24603766]|RNA-Seq [PMID: 24603766]	
AmrZ	PA4981	ChIP-Seq [PMID: 24603766]|RNA-Seq [PMID: 24603766]	
AmrZ	PA5138	ChIP-Seq [PMID: 24603766]|RNA-Seq [PMID: 24603766]	
AmrZ	PA5167	ChIP-Seq [PMID: 24603766]|RNA-Seq [PMID: 24603766]	
AmrZ	PA5447	ChIP-Seq [PMID: 24603766]|RNA-Seq [PMID: 24603766]	
ArgR	PA0888	Beta-gal reporter assay [PMID: 9791103]|EMSA [PMID: 9791103]	
ArgR	PA0889	Beta-gal reporter assay [PMID: 9791103]|EMSA [PMID: 9791103]	
ArgR	PA0890	Beta-gal reporter assay [PMID: 9791103]|EMSA [PMID: 9791103]	
ArgR	PA0891	Beta-gal reporter assay [PMID: 9791103]|EMSA [PMID: 9791103]	
ArgR	PA0892	Beta-gal reporter assay [PMID: 9791103]|EMSA [PMID: 9791103]	
ArgR	PA0893	Beta-gal reporter assay [PMID: 9791103]|EMSA [PMID: 9791103]	
ArgR	PA0958	DNAse footprinting [PMID: 10464217]|EMSA [PMID: 10464217]|RNA dot blot [PMID: 10464217]	
ArgR	PA1971	Beta-gal reporter assay [PMID: 15175299]|DNA-array expression analysis [PMID: 15175299]|EMSA [PMID: 15175299]	
ArgR	PA2042	Beta-gal reporter assay [PMID: 15175299]|DNA-array expression analysis [PMID: 15175299]|EMSA [PMID: 15175299]	
ArgR	PA3525	Beta-gal reporter assay [PMID: 15175299]|DNA-array expression analysis [PMID: 15175299]|EMSA [PMID: 15175299]	
ArgR	PA3862	Beta-gal reporter assay [PMID: 19850617]|EMSA [PMID: 19850617]|Site directed mutagenesis [PMID: 19850617]	
ArgR	PA3863	Beta-gal reporter assay [PMID: 19850617]|EMSA [PMID: 19850617]|Site directed mutagenesis [PMID: 19850617]	
ArgR	PA3864	Beta-gal reporter assay [PMID: 19850617]|EMSA [PMID: 19850617]|Site directed mutagenesis [PMID: 19850617]	
ArgR	PA3934	DNA-array expression analysis [PMID: 15175299]|EMSA [PMID: 15175299]	
ArgR	PA4588	Beta-gal reporter assay [PMID: 15175298]|DNAse footprinting [PMID: 15175298]|EMSA [PMID: 15175298]	
ArgR	PA5035	Beta-gal reporter assay [PMID: 15175298]|DNAse footprinting [PMID: 15175298]|EMSA [PMID: 15175298]	
ArgR	PA5036	Beta-gal reporter assay [PMID: 15175298]|DNAse footprinting [PMID: 15175298]|EMSA [PMID: 15175298]	
ArgR	PA5152	Beta-gal reporter assay [PMID: 15175299]|DNA-array expression analysis [PMID: 15175299]|EMSA [PMID: 15175299]	
ArgR	PA5153	Beta-gal reporter assay [PMID: 15175299]|DNA-array expression analysis [PMID: 15175299]|EMSA [PMID: 15175299]	
ArgR	PA5154	Beta-gal reporter assay [PMID: 15175299]|DNA-array expression analysis [PMID: 15175299]|EMSA [PMID: 15175299]	
ArgR	PA5155	Beta-gal reporter assay [PMID: 15175299]|DNA-array expression analysis [PMID: 15175299]|EMSA [PMID: 15175299]	
ArgR	PA5170	DNAse footprinting [PMID: 10198009]|EMSA [PMID: 10198009]|Site directed mutagenesis [PMID: 10198009]	
ArgR	PA5171	DNAse footprinting [PMID: 10198009]|EMSA [PMID: 10198009]|Site directed mutagenesis [PMID: 10198009]	
ArgR	PA5172	DNAse footprinting [PMID: 10198009]|EMSA [PMID: 10198009]|Site directed mutagenesis [PMID: 10198009]	
ArgR	PA5173	DNAse footprinting [PMID: 10198009]|EMSA [PMID: 10198009]|Site directed mutagenesis [PMID: 10198009]	
BrlR	PA4878	Beta-gal reporter assay [PMID: 24612375]|ChIP-PCR [PMID: 24612375]|EMSA [PMID: 24612375]|Site directed mutagenesis [PMID: 24612375]	
DNR	PA0523	Beta-gal reporter assay [PMID: 19477902]|Site directed mutagenesis [PMID: 19477902]|Western blot (quantitative) expression analysis [PMID: 19477902]	
DNR	PA0524	Beta-gal reporter assay [PMID: 19477902]|Site directed mutagenesis [PMID: 19477902]|Western blot (quantitative) expression analysis [PMID: 19477902]	
DesT	PA4888	DNAse footprinting [PMID: 17877713]|EMSA [PMID: 17877713]|qPCR [quantitative real-time] [PMID: 17877713]	
DesT	PA4889	DNAse footprinting [PMID: 17877713]|EMSA [PMID: 17877713]|qPCR [quantitative real-time] [PMID: 17877713]	
ExsA	PA1710	"EMSA [PMID: 22408165|18373522]"|Beta-gal reporter assay [PMID: 22408165]|DNAse footprinting [PMID: 18373522]|Site directed mutagenesis [PMID: 22408165]	
FleQ	PA3064	Beta-gal reporter assay [PMID: 22581773]|DNAse footprinting [PMID: 22581773]|Site directed mutagenesis [PMID: 22581773]	
Fur	PA0672	DNAse footprinting [PMID: 8633080]|EMSA [PMID: 8633080]|Genomic SELEX [PMID: 8633080]|RNAse protection [PMID: 8633080]	
Fur	PA0929	DNAse footprinting [PMID: 8633080]|EMSA [PMID: 8633080]|Genomic SELEX [PMID: 8633080]|RNAse protection [PMID: 8633080]	
Fur	PA0964	DNAse footprinting [PMID: 8633080]|EMSA [PMID: 8633080]|Genomic SELEX [PMID: 8633080]|RNAse protection [PMID: 8633080]	
Fur	PA1321	DNAse footprinting [PMID: 8633080]|EMSA [PMID: 8633080]|Genomic SELEX [PMID: 8633080]|RNAse protection [PMID: 8633080]	
Fur	PA2426	DNAse footprinting [PMID: 8633080]|EMSA [PMID: 8633080]|Genomic SELEX [PMID: 8633080]|RNAse protection [PMID: 8633080]	
Fur	PA2637	DNAse footprinting [PMID: 8633080]|EMSA [PMID: 8633080]|Genomic SELEX [PMID: 8633080]|RNAse protection [PMID: 8633080]	
Fur	PA3410	DNAse footprinting [PMID: 8633080]|EMSA [PMID: 8633080]|Genomic SELEX [PMID: 8633080]|RNAse protection [PMID: 8633080]	
Fur	PA4156	FURTA [PMID: 21546589]|qPCR [quantitative real-time] [PMID: 21546589]	
Fur	PA4471	"DNAse footprinting [PMID: 9045799|"EMSA [PMID: 9045799|8633080]"|DNAse footprinting [PMID: 9045799]|EMSA [PMID: 9045799]|Genomic SELEX [PMID: 8633080]|Primer Extension assay [PMID: 9045799]|RNAse protection [PMID: 8633080]	
Fur	PA4513	DNAse footprinting [PMID: 8633080]|EMSA [PMID: 8633080]|Genomic SELEX [PMID: 8633080]|RNAse protection [PMID: 8633080]	
Fur	PA4515	DNAse footprinting [PMID: 8633080]|EMSA [PMID: 8633080]|Genomic SELEX [PMID: 8633080]|RNAse protection [PMID: 8633080]	
Fur	PA4634	DNAse footprinting [PMID: 8633080]|EMSA [PMID: 8633080]|Genomic SELEX [PMID: 8633080]|RNAse protection [PMID: 8633080]	
Fur	PA4704	"EMSA [PMID: 15210934|8633080]"|DNAse footprinting [PMID: 8633080]|Genomic SELEX [PMID: 8633080]|Northern blot [PMID: 15210934]|RNAse protection [PMID: 8633080]	
Fur	PA4710	DNAse footprinting [PMID: 10658665]|RNAse protection [PMID: 10658665]	
IHF	PA3540	CAT reporter gene assays [PMID: 8051019]|Copper-phenanthroline footprinting [PMID: 8051019]|EMSA [PMID: 8051019]|Site directed mutagenesis [PMID: 8051019]	
IscR	PA2532	EMSA [PMID: 22609922]|Northern blot [PMID: 22609922]	
LasR	PA0026	ChIP-PCR [PMID: 19682264]|ChIP-chip [PMID: 19682264]|DNA-array expression analysis [PMID: 19682264]	
LasR	PA0027	ChIP-PCR [PMID: 19682264]|ChIP-chip [PMID: 19682264]|DNA-array expression analysis [PMID: 19682264]	
LasR	PA0028	ChIP-PCR [PMID: 19682264]|ChIP-chip [PMID: 19682264]|DNA-array expression analysis [PMID: 19682264]	
LasR	PA0122	ChIP-chip [PMID: 19682264]|DNA-array expression analysis [PMID: 19682264]	
LasR	PA0143	ChIP-chip [PMID: 19682264]|DNA-array expression analysis [PMID: 19682264]	
LasR	PA0144	ChIP-chip [PMID: 19682264]|DNA-array expression analysis [PMID: 19682264]	
LasR	PA0805	ChIP-chip [PMID: 19682264]|DNA-array expression analysis [PMID: 19682264]	
LasR	PA0806	ChIP-chip [PMID: 19682264]|DNA-array expression analysis [PMID: 19682264]	
LasR	PA0855	ChIP-chip [PMID: 19682264]|DNA-array expression analysis [PMID: 19682264]	
LasR	PA0996	ChIP-chip [PMID: 19682264]|DNA-array expression analysis [PMID: 19682264]	
LasR	PA0997	ChIP-chip [PMID: 19682264]|DNA-array expression analysis [PMID: 19682264]	
LasR	PA0998	ChIP-chip [PMID: 19682264]|DNA-array expression analysis [PMID: 19682264]	
LasR	PA0999	ChIP-chip [PMID: 19682264]|DNA-array expression analysis [PMID: 19682264]	
LasR	PA1000	ChIP-chip [PMID: 19682264]|DNA-array expression analysis [PMID: 19682264]	
LasR	PA1003	ChIP-chip [PMID: 19682264]|DNA-array expression analysis [PMID: 19682264]	
LasR	PA1159	ChIP-chip [PMID: 19682264]|DNA-array expression analysis [PMID: 19682264]|EMSA [PMID: 19682264]	
LasR	PA1245	ChIP-chip [PMID: 19682264]|DNA-array expression analysis [PMID: 19682264]|EMSA [PMID: 19682264]	
LasR	PA1246	ChIP-chip [PMID: 19682264]|DNA-array expression analysis [PMID: 19682264]|EMSA [PMID: 19682264]	
LasR	PA1247	ChIP-chip [PMID: 19682264]|DNA-array expression analysis [PMID: 19682264]|EMSA [PMID: 19682264]	
LasR	PA1248	ChIP-chip [PMID: 19682264]|DNA-array expression analysis [PMID: 19682264]|EMSA [PMID: 19682264]	
LasR	PA1431	"DNAse footprinting [PMID: 15505212|"EMSA [PMID: 19682264|15505212|18045385]"|ChIP-PCR [PMID: 19682264]|ChIP-chip [PMID: 19682264]|DNA-array expression analysis [PMID: 19682264]	
LasR	PA1432	"DNAse footprinting [PMID: 15505212|"EMSA [PMID: 19682264|15505212|18045385]"|ChIP-PCR [PMID: 19682264]|ChIP-chip [PMID: 19682264]|DNA-array expression analysis [PMID: 19682264]	
LasR	PA1656	ChIP-chip [PMID: 19682264]|DNA-array expression analysis [PMID: 19682264]	
LasR	PA1657	ChIP-chip [PMID: 19682264]|DNA-array expression analysis [PMID: 19682264]	
LasR	PA1658	ChIP-chip [PMID: 19682264]|DNA-array expression analysis [PMID: 19682264]	
LasR	PA1659	ChIP-chip [PMID: 19682264]|DNA-array expression analysis [PMID: 19682264]	
LasR	PA1869	Beta-gal reporter assay [PMID: 11544214]|Site directed mutagenesis [PMID: 11544214]	
LasR	PA1898	Beta-gal reporter assay [PMID: 11544214]|Site directed mutagenesis [PMID: 11544214]	
LasR	PA1914	ChIP-chip [PMID: 19682264]|DNA-array expression analysis [PMID: 19682264]|EMSA [PMID: 19682264]	
LasR	PA2080	ChIP-chip [PMID: 19682264]|DNA-array expression analysis [PMID: 19682264]	
LasR	PA2081	ChIP-chip [PMID: 19682264]|DNA-array expression analysis [PMID: 19682264]	
LasR	PA2231	ChIP-chip [PMID: 19682264]|DNA-array expression analysis [PMID: 19682264]|EMSA [PMID: 19682264]	
LasR	PA2232	ChIP-chip [PMID: 19682264]|DNA-array expression analysis [PMID: 19682264]|EMSA [PMID: 19682264]	
LasR	PA2233	ChIP-chip [PMID: 19682264]|DNA-array expression analysis [PMID: 19682264]|EMSA [PMID: 19682264]	
LasR	PA2234	ChIP-chip [PMID: 19682264]|DNA-array expression analysis [PMID: 19682264]|EMSA [PMID: 19682264]	
LasR	PA2235	ChIP-chip [PMID: 19682264]|DNA-array expression analysis [PMID: 19682264]|EMSA [PMID: 19682264]	
LasR	PA2236	ChIP-chip [PMID: 19682264]|DNA-array expression analysis [PMID: 19682264]|EMSA [PMID: 19682264]	
LasR	PA2237	ChIP-chip [PMID: 19682264]|DNA-array expression analysis [PMID: 19682264]|EMSA [PMID: 19682264]	
LasR	PA2238	ChIP-chip [PMID: 19682264]|DNA-array expression analysis [PMID: 19682264]|EMSA [PMID: 19682264]	
LasR	PA2239	ChIP-chip [PMID: 19682264]|DNA-array expression analysis [PMID: 19682264]|EMSA [PMID: 19682264]	
LasR	PA2240	ChIP-chip [PMID: 19682264]|DNA-array expression analysis [PMID: 19682264]|EMSA [PMID: 19682264]	
LasR	PA2241	ChIP-chip [PMID: 19682264]|DNA-array expression analysis [PMID: 19682264]|EMSA [PMID: 19682264]	
LasR	PA2242	ChIP-chip [PMID: 19682264]|DNA-array expression analysis [PMID: 19682264]|EMSA [PMID: 19682264]	
LasR	PA2302	ChIP-PCR [PMID: 19682264]|ChIP-chip [PMID: 19682264]|DNA-array expression analysis [PMID: 19682264]|EMSA [PMID: 19682264]	
LasR	PA2303	ChIP-PCR [PMID: 19682264]|ChIP-chip [PMID: 19682264]|DNA-array expression analysis [PMID: 19682264]|EMSA [PMID: 19682264]	
LasR	PA2304	ChIP-PCR [PMID: 19682264]|ChIP-chip [PMID: 19682264]|DNA-array expression analysis [PMID: 19682264]|EMSA [PMID: 19682264]	
LasR	PA2305	ChIP-PCR [PMID: 19682264]|ChIP-chip [PMID: 19682264]|DNA-array expression analysis [PMID: 19682264]|EMSA [PMID: 19682264]	
LasR	PA2426	ChIP-chip [PMID: 19682264]|DNA-array expression analysis [PMID: 19682264]	
LasR	PA2587	ChIP-chip [PMID: 19682264]|DNA-array expression analysis [PMID: 19682264]|EMSA [PMID: 19682264]	
LasR	PA2588	ChIP-chip [PMID: 19682264]|DNA-array expression analysis [PMID: 19682264]|EMSA [PMID: 19682264]	
LasR	PA2591	"EMSA [PMID: 17449616|19682264]"|Beta-gal reporter assay [PMID: 17449616]|ChIP-chip [PMID: 19682264]|DNA-array expression analysis [PMID: 19682264]|Site directed mutagenesis [PMID: 17449616]	
LasR	PA2592	"EMSA [PMID: 17449616|19682264]"|Beta-gal reporter assay [PMID: 17449616]|ChIP-chip [PMID: 19682264]|DNA-array expression analysis [PMID: 19682264]|Site directed mutagenesis [PMID: 17449616]	
LasR	PA2939	ChIP-chip [PMID: 19682264]|DNA-array expression analysis [PMID: 19682264]	
LasR	PA3104	ChIP-chip [PMID: 19682264]|DNA-array expression analysis [PMID: 19682264]	
LasR	PA3105	ChIP-chip [PMID: 19682264]|DNA-array expression analysis [PMID: 19682264]	
LasR	PA3326	ChIP-chip [PMID: 19682264]|DNA-array expression analysis [PMID: 19682264]|EMSA [PMID: 19682264]	
LasR	PA3384	ChIP-chip [PMID: 19682264]|DNA-array expression analysis [PMID: 19682264]	
LasR	PA3385	ChIP-chip [PMID: 19682264]|DNA-array expression analysis [PMID: 19682264]	
LasR	PA3477	ChIP-chip [PMID: 19682264]|DNA-array expression analysis [PMID: 19682264]|EMSA [PMID: 19682264]	
LasR	PA3478	ChIP-chip [PMID: 19682264]|DNA-array expression analysis [PMID: 19682264]	
LasR	PA3479	ChIP-chip [PMID: 19682264]|DNA-array expression analysis [PMID: 19682264]	
LasR	PA3535	ChIP-chip [PMID: 19682264]|DNA-array expression analysis [PMID: 19682264]	
LasR	PA3724	Beta-gal reporter assay [PMID: 8576049]|ChIP-chip [PMID: 19682264]|DNA-array expression analysis [PMID: 19682264]|EMSA [PMID: 19682264]|Site directed mutagenesis [PMID: 8576049]	
LasR	PA3904	ChIP-chip [PMID: 19682264]|DNA-array expression analysis [PMID: 19682264]|EMSA [PMID: 19682264]	
LasR	PA3905	ChIP-chip [PMID: 19682264]|DNA-array expression analysis [PMID: 19682264]|EMSA [PMID: 19682264]	
LasR	PA3906	ChIP-chip [PMID: 19682264]|DNA-array expression analysis [PMID: 19682264]|EMSA [PMID: 19682264]	
LasR	PA3907	ChIP-chip [PMID: 19682264]|DNA-array expression analysis [PMID: 19682264]|EMSA [PMID: 19682264]	
LasR	PA3908	ChIP-chip [PMID: 19682264]|DNA-array expression analysis [PMID: 19682264]|EMSA [PMID: 19682264]	
LasR	PA4117	ChIP-PCR [PMID: 19682264]|ChIP-chip [PMID: 19682264]|DNA-array expression analysis [PMID: 19682264]	
LasR	PA4210	Beta-gal reporter assay [PMID: 11544214]|Site directed mutagenesis [PMID: 11544214]	
LasR	PA4306	ChIP-chip [PMID: 19682264]|DNA-array expression analysis [PMID: 19682264]	
LasR	PA4677	ChIP-chip [PMID: 19682264]|DNA-array expression analysis [PMID: 19682264]|EMSA [PMID: 19682264]	
LasR	PA4778	Beta-gal reporter assay [PMID: 20233934]|ChIP-chip [PMID: 19682264]|DNA-array expression analysis [PMID: 19682264]|DNA-array expression analysis [PMID: 20233934]|EMSA [PMID: 19682264]|EMSA [PMID: 20233934]|Site directed mutagenesis [PMID: 20233934]	
LasR	PA5184	ChIP-PCR [PMID: 19682264]|ChIP-chip [PMID: 19682264]|DNA-array expression analysis [PMID: 19682264]	
LasR	PA5232	ChIP-chip [PMID: 19682264]|DNA-array expression analysis [PMID: 19682264]	
LexA	PA3007	EMSA [PMID: 15458417]|qRT-PCR [RNA] [PMID: 15458417]	
LexA	PA3008	EMSA [PMID: 15458417]|qRT-PCR [RNA] [PMID: 15458417]	
MexT	PA2493	Beta-gal reporter assay [PMID: 20727012]|EMSA [PMID: 20727012]|Site directed mutagenesis [PMID: 20727012]	
MexT	PA2494	Beta-gal reporter assay [PMID: 20727012]|EMSA [PMID: 20727012]|Site directed mutagenesis [PMID: 20727012]	
MexT	PA2495	Beta-gal reporter assay [PMID: 20727012]|EMSA [PMID: 20727012]|Site directed mutagenesis [PMID: 20727012]	
MexT	PA4623	Beta-gal reporter assay [PMID: 19846594]|DNA-array expression analysis [PMID: 19846594]|Site directed mutagenesis [PMID: 19846594]	
MexT	PA4881	Beta-gal reporter assay [PMID: 19846594]|DNA-array expression analysis [PMID: 19846594]|EMSA [PMID: 19846594]|Site directed mutagenesis [PMID: 19846594]|qRT-PCR [RNA] [PMID: 19846594]	
NarL	PA5170	2D PAGE [PMID: 18832311]|Beta-gal reporter assay [PMID: 18832311]|Northern blot [PMID: 18832311]|Site directed mutagenesis [PMID: 18832311]	
NarL	PA5171	2D PAGE [PMID: 18832311]|Beta-gal reporter assay [PMID: 18832311]|Northern blot [PMID: 18832311]|Site directed mutagenesis [PMID: 18832311]	
NarL	PA5172	2D PAGE [PMID: 18832311]|Beta-gal reporter assay [PMID: 18832311]|Northern blot [PMID: 18832311]|Site directed mutagenesis [PMID: 18832311]	
NarL	PA5173	2D PAGE [PMID: 18832311]|Beta-gal reporter assay [PMID: 18832311]|Northern blot [PMID: 18832311]|Site directed mutagenesis [PMID: 18832311]	
OhrR	PA2849	Beta-gal reporter assay [PMID: 20139188]|DNAse footprinting [PMID: 20139188]|EMSA [PMID: 20139188]	
OhrR	PA2850	Beta-gal reporter assay [PMID: 20139188]|DNAse footprinting [PMID: 20139188]|EMSA [PMID: 20139188]|Northern blot [PMID: 20139188]|Site directed mutagenesis [PMID: 20139188]|qRT-PCR [RNA] [PMID: 20139188]	
OxyR	PA0139	Beta-gal reporter assay [PMID: 10913087]|EMSA [PMID: 10913087]	
OxyR	PA0140	Beta-gal reporter assay [PMID: 10913087]|EMSA [PMID: 10913087]	
OxyR	PA0848	Beta-gal reporter assay [PMID: 10913087]|EMSA [PMID: 10913087]	
OxyR	PA4613	Beta-gal reporter assay [PMID: 10913087]|EMSA [PMID: 10913087]	
PA2206	PA2214	Beta-gal reporter assay [PMID: 23382903]|DNA-array expression analysis [PMID: 23382903]|EMSA [PMID: 23382903]|qRT-PCR [RNA] [PMID: 23382903]	
PA2206	PA2215	Beta-gal reporter assay [PMID: 23382903]|DNA-array expression analysis [PMID: 23382903]|EMSA [PMID: 23382903]|qRT-PCR [RNA] [PMID: 23382903]	
PA2206	PA2426	DNA-array expression analysis [PMID: 23382903]|EMSA [PMID: 23382903]|qRT-PCR [RNA] [PMID: 23382903]	
PA2206	PA4881	DNA-array expression analysis [PMID: 23382903]|EMSA [PMID: 23382903]|qRT-PCR [RNA] [PMID: 23382903]	
PchR	PA4227	Beta-gal reporter assay [PMID: 16194235]|EMSA [PMID: 16194235]|Site directed mutagenesis [PMID: 16194235]	
PchR	PA4228	Beta-gal reporter assay [PMID: 16194235]|EMSA [PMID: 16194235]|Site directed mutagenesis [PMID: 16194235]	
PhoB	PA4236	EMSA [PMID: 16238634]|GUS reporter gene assay [PMID: 16238634]	
PsrA	PA3013	Beta-gal reporter assay [PMID: 18524913]|DNA-array expression analysis [PMID: 18524913]|EMSA [PMID: 18524913]|qRT-PCR [RNA] [PMID: 18524913]	
PsrA	PA3014	Beta-gal reporter assay [PMID: 18524913]|DNA-array expression analysis [PMID: 18524913]|EMSA [PMID: 18524913]|qRT-PCR [RNA] [PMID: 18524913]	
PtxR	PA1148	Beta-gal reporter assay [PMID: 22844393]|DNAse footprinting [PMID: 22844393]|EMSA [PMID: 22844393]|Isothermal titration calorimetry [PMID: 22844393]	
PtxR	PA2260	Beta-gal reporter assay [PMID: 22844393]|DNAse footprinting [PMID: 22844393]|EMSA [PMID: 22844393]|Isothermal titration calorimetry [PMID: 22844393]	
PtxR	PA2261	Beta-gal reporter assay [PMID: 22844393]|DNAse footprinting [PMID: 22844393]|EMSA [PMID: 22844393]|Isothermal titration calorimetry [PMID: 22844393]	
PtxR	PA2262	Beta-gal reporter assay [PMID: 22844393]|DNAse footprinting [PMID: 22844393]|EMSA [PMID: 22844393]|Isothermal titration calorimetry [PMID: 22844393]	
PtxR	PA2263	Beta-gal reporter assay [PMID: 22844393]|DNAse footprinting [PMID: 22844393]|EMSA [PMID: 22844393]|Isothermal titration calorimetry [PMID: 22844393]	
PtxR	PA2264	DNAse footprinting [PMID: 22844393]|EMSA [PMID: 22844393]|Isothermal titration calorimetry [PMID: 22844393]	
PtxR	PA2265	DNAse footprinting [PMID: 22844393]|EMSA [PMID: 22844393]|Isothermal titration calorimetry [PMID: 22844393]	
PtxR	PA2266	DNAse footprinting [PMID: 22844393]|EMSA [PMID: 22844393]|Isothermal titration calorimetry [PMID: 22844393]	
PtxS	PA2259	Beta-gal reporter assay [PMID: 22844393]|DNAse footprinting [PMID: 22844393]|EMSA [PMID: 22844393]	
PtxS	PA2260	Beta-gal reporter assay [PMID: 22844393]|DNAse footprinting [PMID: 22844393]|EMSA [PMID: 22844393]	
PtxS	PA2261	Beta-gal reporter assay [PMID: 22844393]|DNAse footprinting [PMID: 22844393]|EMSA [PMID: 22844393]	
PtxS	PA2262	Beta-gal reporter assay [PMID: 22844393]|DNAse footprinting [PMID: 22844393]|EMSA [PMID: 22844393]	
PtxS	PA2263	Beta-gal reporter assay [PMID: 22844393]|DNAse footprinting [PMID: 22844393]|EMSA [PMID: 22844393]	
PtxS	PA2264	DNAse footprinting [PMID: 22844393]|EMSA [PMID: 22844393]	
PtxS	PA2265	DNAse footprinting [PMID: 22844393]|EMSA [PMID: 22844393]	
PtxS	PA2266	DNAse footprinting [PMID: 22844393]|EMSA [PMID: 22844393]	
PvdS	PA2396	Beta-gal reporter assay [PMID: 11222621]|EMSA [PMID: 11222621]|In-vitro transcription [PMID: 11222621]|Site directed mutagenesis [PMID: 11222621]	
PvdS	PA2397	Beta-gal reporter assay [PMID: 11222621]|EMSA [PMID: 11222621]|In-vitro transcription [PMID: 11222621]|Site directed mutagenesis [PMID: 11222621]	
PyeR	PA4354	Beta-gal reporter assay [PMID: 22820840]|EMSA [PMID: 22820840]|qRT-PCR [RNA] [PMID: 22820840]	
PyeR	PA4355	Beta-gal reporter assay [PMID: 22820840]|EMSA [PMID: 22820840]|qRT-PCR [RNA] [PMID: 22820840]	
PyeR	PA4356	Beta-gal reporter assay [PMID: 22820840]|EMSA [PMID: 22820840]|qRT-PCR [RNA] [PMID: 22820840]	
QscR	PA1897	Beta-gal reporter assay [PMID: 16390453]|DNAse footprinting [PMID: 16390453]|EMSA [PMID: 16390453]|Site directed mutagenesis [PMID: 16390453]	
RhlR	PA3478	"Beta-gal reporter assay [PMID: 14526008|24935161]"|EMSA [PMID: 14526008]|Site directed mutagenesis [PMID: 24935161]	
RhlR	PA3479	"Beta-gal reporter assay [PMID: 14526008|24935161]"|EMSA [PMID: 14526008]|Site directed mutagenesis [PMID: 24935161]	
RhlR	PA5161	Beta-gal reporter assay [PMID: 22262098]|Site directed mutagenesis [PMID: 22262098]	
RhlR	PA5162	Beta-gal reporter assay [PMID: 22262098]|Site directed mutagenesis [PMID: 22262098]	
RhlR	PA5163	Beta-gal reporter assay [PMID: 22262098]|Site directed mutagenesis [PMID: 22262098]	
RhlR	PA5164	Beta-gal reporter assay [PMID: 22262098]|Site directed mutagenesis [PMID: 22262098]	
RpoN	PA3540	DNAse footprinting [PMID: 10792721]|EMSA [PMID: 10792721]|Site directed mutagenesis [PMID: 10792721]	
RpoN	PA5292	Beta-gal reporter assay [PMID: 20869215]|Site directed mutagenesis [PMID: 20869215]	
RsaL	PA1432	"Beta-gal reporter assay [PMID: 17172347|"EMSA [PMID: 17172347|18045385]"|DNAse footprinting [PMID: 18045385]|Site directed mutagenesis [PMID: 17172347]|Western blot (quantitative) expression analysis [PMID: 17172347]	
RsaL	PA2193	DNA-array expression analysis [PMID: 18045385]|EMSA [PMID: 18045385]	
RsaL	PA4209	DNA-array expression analysis [PMID: 18045385]|EMSA [PMID: 18045385]	
RsaL	PA4210	DNA-array expression analysis [PMID: 18045385]|EMSA [PMID: 18045385]	
Vfr	PA0652	Beta-gal reporter assay [PMID: 20494996]|DNAse footprinting [PMID: 20494996]|EMSA [PMID: 20494996]|In-vitro transcription [PMID: 20494996]	
Vfr	PA1097	Beta-gal reporter assay [PMID: 12218009]|DNAse footprinting [PMID: 12218009]|EMSA [PMID: 12218009]|Site directed mutagenesis [PMID: 12218009]	
Vfr	PA1430	Beta-gal reporter assay [PMID: 9190808]|EMSA [PMID: 9190808]|Site directed mutagenesis [PMID: 9190808]	
Vfr	PA2258	Beta-gal reporter assay [PMID: 18227247]|DNAse footprinting [PMID: 18227247]|EMSA [PMID: 18227247]	
Vfr	PA4704	Beta-gal reporter assay [PMID: 19801409]|EMSA [PMID: 19801409]|Site directed mutagenesis [PMID: 19801409]	
