pmid,oracion,regulador,blanco,disparador,relacion,signo_correcto
29244160,As the increase in the affinity was rather moderate this result rather argued against the idea that the presence of Crc results in a significant affinity enhancement of Hfq for the substrate.,hfq,crc,enhancement;increase,no,
37398089,"To assess the sensitivity of opdH promoter induction between strains, we considered concentrations within range of that observed in supernatant from wild type (LasR+) monocultures (~ 200–500 μM).",lasR,opdH,induction,no,
25143244,"Consistent with PA4596 functioning as a mexCD-oprJ repressor, the purified protein was able to bind to a DNA fragment carrying the mexCD-oprJ promoter region.",PA4596,mexCD-oprJ,bind;repressor,si,-
19933365,"Here, we demonstrate that the transcriptional activation of the katA promoter (katAp) in response to H(2)O(2) was abrogated in the P. aeruginosa PA14 oxyR null mutant.",oxyR,katA,abrogated;transcriptional activation,si,+
36498910,"The PA3973 binding site with the second highest fold enrichment, besides the PA3973 promoter region, was detected in the putative promoter of PA4156, encoding a protein highly homologous to the Vibrio cholerae vibriobactin receptor (ViuA) involved in iron acquisition [43]; however, no significant changes in PA4156 expression were detected under tested conditions in our RNA-seq analyses (Table A1).",PA3973,PA4156,binding,dudoso,
20041030,"Ectopic expression of bexR in the ΔbexR mutant resulted in increased PA1202 expression (Figure 1C), suggesting that BexR positively regulates expression of PA1202.",bexR,PA1202,increased;positively regulates,si,+
41920955,"Deletion of pqsE in laboratory strains grown planktonically, resulted in major defects in RhlR-dependent phenotypes, including loss of PYO production, and reduced elastase and hydrogen cyanide synthesis, despite intact C4-HSL and quinolone signaling [79–81].",rhlR,pqsE,reduced,no,
39153035,"Figure 3 shows the transcription of four of the eight Rsm-sRNAs, rsmZ1, rsmZ2, rsmZ6, and rsmY; in all the cases, the retS mutation diminished the expression of the rsm-sRNAs genes.Fig. 3Effect of the retS mutation on the activity of the PrsmZ1-gusA, PrsmZ2-gusA, PrsmZ6-gusA, and PrsmY-gusA transcriptional fusions.",retS,rsmY,diminished,si,+
28976035,"In contrast, deletion of hfq had no effect on up-regulation of pagL by Sr006 (Supporting Information Fig. S10D).",hfq,pagL,up-regulation,no,
32605982,"Overexpression of reaL in the double-knockout mutant reduced the rpoS mRNA level, whereas overexpression of ybeY resulted in a higher rpoS mRNA level than that in the wild-type PA14 (Fig. 8E).",rpoS,ybeY,Overexpression;overexpression;reduced,no,
22497280,"Predictably, proteases AlgW and MucP were both required for the mucoid phenotype of PAO1 on PIA-AMV; furthermore, degradation of MucA was observed as a result of growth on PIA-AMV.",mucA,algW,required,no,
29244160,"In any case, these cross-linking experiments showed that Crc binds to RNA as well as to Hfq, indicating that the protein exploits several interactions.",hfq,crc,binds,no,
35294222,"To determine whether the PqsR S36N mutant is inactive and unable to activate expression of pqsA, we constructed a PAO1 pqsR S36N mutant and transformed both the mutant and PAO1 with the pqsA-gfp reporter.",mvfR,pqsA,activate,si,+
27706108,"In the ΔczcRS mutant, addition of Zn induced a drop in oprD mRNA, while disruption of the hfq gene in this strain (ΔczcRS;hfq− mutant) totally abolished the decrease in the amount of oprD mRNA (Figure 2C).",hfq,oprD,abolished;decrease;induced,si,-
41949299,"Thus, we hypothesized that when PqsE levels fall below a certain concentration, PqsE homodimerization cannot occur, thereby preventing PqsE-RhlR complex formation and reducing promoter occupancy.",rhlR,pqsE,reducing,no,
36374041,"Both the pel and psl operons are directly regulated by AmrZ, and endA expression shows a strong correlation with AmrZ, but its promoter does not contain AmrZ binding sites (67).",amrZ,endA,binding;regulated,dudoso,
12706510,"In this study, we show that the regulatory effect of AlgR2 on elastase protease synthesis is exerted at transcriptional level on the lasB gene.",algQ,lasB,regulatory,si,?
30186264,We found that increased susceptibility to fosfomycin was also observed in a clinical isolate which has a promoted biofilm phenotype and its glpT and anr genes are highly conserved with those of PAO1.,anr,glpT,increased;promoted,no,
32925969,"Unlike in the case of overexpressing algRD54E from a plasmid, chromosomal expression of algRD54E did not affect virulence (Fig 4F), which suggests that PilY1 functions by transcriptionally repressing the levels of algR.",algR,pilY1,affect;overexpressing;repressing,no,
41128522,This finding demonstrates that MexEF-OprN is an important MexT-regulated efflux pump that modulates QS.,mexT,mexEF-oprN,modulates,si,?
26309248,"The AmrZ regulon under this condition contained 112 genes, and the lectin-encoding gene lecB was the only one known necessary for TM [26] in this gene list.",amrZ,lecB,regulon,si,?
26206672,"To further investigate if AlgR regulates mucR, we measured the activity of the mucR promoter in the ΔalgR mutant.",algR,mucR,regulates,dudoso,
42078529,"Furthermore, we report the upregulation of vfr and cyaB, involved in the sequential signal transduction from the Pil-Chp chemotaxis sensor (Park and Sauer, 2022).",vfr,cyaB,upregulation,no,
29263410,"The AlgZR regulation appears to be responsible for the effect in the mucoid biofilm, as mutating AlgR box 1 eliminates this induction, as well as in the non-mucoid variant.",algR,algZR,induction;regulation,no,
38660402,It was shown that in trans overexpression of either WT FleR or FleRD53A under the control of a constitutive promoter in the ΔfleR mutant substantially reduced the promoter activity of exsCEBA to a level that was approximately 70% lower than that in the WT strain (Figure 2C).,fleR,exsCEBA,constitutive;overexpression;reduced;under the control,si,-
23511474,"The induction of the RpoS regulon was reported to be required for carbon source starvation-induced mutagenesis in E. coli, largely due to the induction of the dinB gene192021.",rpoS,dinB,induction;regulon;required,si,+
36604484,"Interestingly, the time lapse at which bacterial cells became undetectable between dark vs. light conditions in the ΔbfmR and the ΔbfmRS mutants, which was of 1 and 2 days, respectively, was significantly shorter than that of wild type strain (16 days); showing loss or significant reduction of photoregulation of dessication and thus indicating that BfmR participates in this process.",bfmR,bfmRS,reduction,no,
33193206,"Taken together, these data support that the cfrX-cmpX transcriptional unit is under the direct control of SigX, which is responsible for the increase of its transcription in response to CS.",sigX,cmpX,increase,si,+
33670077,"Using electrophoretic mobility shift assays (EMSAs), we found that the addition of acetyl phosphate increased the ability of 6His-GltR to bind to the gltB promoter DNA (Figure S2C), while it failed to do this for the 6His-GltRD56A proteins (Figure S2D).",gltR,gltB,bind;increased,si,?
23991093,"More importantly, E. coli SspA can functionally replace P. aeruginosa anti-sigma factor AlgQ [35].",algQ,sspA,anti-sigma,no,
29375519,"On the other hand, QslA was not shown to significantly abrogate RhlR-mediated transcription of rhlI in the E. coli heterologous host (Seet and Zhang, 2011), further supporting the Las-dominant interaction model described above.",rhlR,rhlI,abrogate,si,+
40591601,"To identify genes exclusively regulated by glpD activity, we conducted a comparison between the gene expression profiles of a strain lacking glpD (ΔglpD) and a strain overexpressing glpD due to the absence of its transcriptional repressor (ΔglpR).",glpR,glpD,overexpressing;regulated;transcriptional repressor,si,-
23382903,"In contrast, a study carried out in S. enterica serovar Typhimurium demonstrated that neither OxyR nor KatG (catalase) influence survival in the presence of neutrophils [40], while AhpC (peroxidise) is not required for virulence in a mouse model [41].",oxyR,ahpC,required,no,
29244160,"On the other hand, it suggested that the relief of Hfq/Crc-mediated repression observed with the revertants (Supplementary Table S11) is attributable to an impairment in the Hfq/Crc/RNA interaction.",hfq,crc,repression,no,
22511872,"We also examined AmrZ binding to the algD promoter, which results in activation of the alginate exopolysaccharide biosynthetic operon, and found the protein utilizes different interactions with this site.",amrZ,algD,activation;binding,si,+
29435492,"The binding interaction between MBP-CdhR and caiX probe can be competed with unlabeled caiX probe (lane 4), but not an unlabeled dhcA probe (lane 5), and MBP-CdhR does not shift the nonspecific UAS, dhcA (lanes 6 to 8).",cdhR,dhcA,binding,no,
23991093,"Previously, we reported CF149 have two mutations resulting in abrogation of an AlgU-dependent transcription of lipotoxin LptF [21].",algU,lptF,abrogation,si,+
36377867,"acsA expression is known to be under the control of the response regulator ErdR, and consistent with this, an ΔerdR mutant cannot grow on ethanol or acetate as a sole carbon source (55).",erdR,acsA,regulator;under the control,si,?
20300606,"To this end, we assessed whether PqsE overproduction in rhlR − cells could restore pyocyanin production since it was completely abolished in both pqsE− [11],[19] and rhlR− [38] mutants.",rhlR,pqsE,abolished;overproduction;restore,no,
34151378,"Another P. aeruginosa RNA helicase (PA2840, named DeaD) has been proposed as virulence regulator, due to its stimulatory effect on the synthesis of the type III secretion system regulator ExsA (30).",exsA,deaD,regulator;stimulatory,no,
37967103,"The reported role of RimK in controlling the activity of ribosomes may be related to the strong downregulation of multiple 50S and 30S ribosomal proteins in the absence of AlgU, highlighting the role of this sigma factor on protein translation (S7 Table and S2 Fig).",algU,rimK,controlling;downregulation,no,
28584154,(B) EMSA of Cy5-PmexAB-oprM probe 1 with increasing amounts of 6×His-PA3225.,PA3225,oprM,increasing,dudoso,
34669473,"The ATPase activity of FleQ is regulated via a P-loop ATPase, FleN, through protein-protein interaction.",fleQ,fleN,regulated,no,
41949299,Transcription was monitored by light production via the expression of the luxCDABE operon controlled by the RhlR-dependent promoter of rhlA.,rhlR,rhlA,controlled,si,+
18599839,"The key to mucoid conversion is the expression of the algD operon, whose transcription is increased when the extracytoplasmic function (ECF) σ factor AlgU (also called AlgT) binds to the promoter of this operon.",algU,algD,binds;increased,si,+
35072315,"Among virulence factors, T3SS was induced, while substantial downregulation was observed for BexR, T6SS, pyocins, bacteriophage Pf1, hemolysin, hemagglutinin, α2-macroglobulin, fimbriae, the PA0277 protease, and hydrogen cyanide toxin genes (Table S1).",bexR,PA0277,downregulation;induced,no,
1551597,"In this paper, we report that AlgR2, an 18-kDa protein which in cooperation with AlgR1 regulates the algD promoter, undergoes phosphorylation in the presence of ATP.",algQ,algD,phosphorylation;regulates,si,?
28596760,"The PqsBC inhibitors showed to be less efficient in reducing the MvfR natural ligands synthesis and, moreover, lead to an increased production of 2-AA and DHQ.",mvfR,pqsBC,increased;reducing,no,
38051770,The above-presented FleQ-FleN structure is compatible with a model where each of the FleN-bridged FleQ dimers would bind a FleQ box within the promoter and could thus lead to large-scale DNA bending stabilized by the central contacts between the SD1 modules of the peripheral FleQ copies and by the intrinsic DNA-bending propensity of the FleQHTH tandems themselves.,fleQ,fleN,bind,no,
39592545,"The ArgR regulatory factor binds specifically to the regulatory region upstream of the oprD gene, protecting it from nucleases and regulating its transcriptional expression [51].",argR,oprD,binds;regulating;regulatory,si,?
